-- MySQL dump 10.13  Distrib 8.0.34, for Win64 (x86_64)
--
-- Host: 127.0.0.1    Database: programamotivate
-- ------------------------------------------------------
-- Server version	5.5.5-10.4.28-MariaDB

/*!40101 SET @OLD_CHARACTER_SET_CLIENT=@@CHARACTER_SET_CLIENT */;
/*!40101 SET @OLD_CHARACTER_SET_RESULTS=@@CHARACTER_SET_RESULTS */;
/*!40101 SET @OLD_COLLATION_CONNECTION=@@COLLATION_CONNECTION */;
/*!50503 SET NAMES utf8 */;
/*!40103 SET @OLD_TIME_ZONE=@@TIME_ZONE */;
/*!40103 SET TIME_ZONE='+00:00' */;
/*!40014 SET @OLD_UNIQUE_CHECKS=@@UNIQUE_CHECKS, UNIQUE_CHECKS=0 */;
/*!40014 SET @OLD_FOREIGN_KEY_CHECKS=@@FOREIGN_KEY_CHECKS, FOREIGN_KEY_CHECKS=0 */;
/*!40101 SET @OLD_SQL_MODE=@@SQL_MODE, SQL_MODE='NO_AUTO_VALUE_ON_ZERO' */;
/*!40111 SET @OLD_SQL_NOTES=@@SQL_NOTES, SQL_NOTES=0 */;

--
-- Table structure for table `actividades`
--

DROP TABLE IF EXISTS `actividades`;
/*!40101 SET @saved_cs_client     = @@character_set_client */;
/*!50503 SET character_set_client = utf8mb4 */;
CREATE TABLE `actividades` (
  `idactividades` int(11) NOT NULL AUTO_INCREMENT,
  `nombre` varchar(45) DEFAULT NULL,
  `fechaCreacion` datetime DEFAULT NULL,
  `imagen` varchar(100) NOT NULL,
  `descripcion` longtext DEFAULT NULL,
  `qr` varchar(45) DEFAULT NULL,
  `mensajeQr` longtext DEFAULT NULL,
  PRIMARY KEY (`idactividades`)
) ENGINE=InnoDB AUTO_INCREMENT=13 DEFAULT CHARSET=utf8mb4 COLLATE=utf8mb4_general_ci;
/*!40101 SET character_set_client = @saved_cs_client */;

--
-- Dumping data for table `actividades`
--

LOCK TABLES `actividades` WRITE;
/*!40000 ALTER TABLE `actividades` DISABLE KEYS */;
INSERT INTO `actividades` VALUES (1,'Capacitaciones','2023-08-10 18:09:34','capacitaciones.png','Lorem Ipsum is simply dummy text of the printing and typesetting industry. Lorem Ipsum has been the industry\'s standard dummy text ever since the 1500s, when an unknown printer took a galley of type and scrambled it to make a type specimen book. It has survived not only five centuries, but also the leap into electronic typesetting, remaining essentially unchanged. It was popularised in the 1960s with the release of Letraset sheets containing Lorem Ipsum passages, and more recently with desktop publishing software like Aldus PageMaker including versions of Lorem Ipsum.',NULL,NULL),(2,'Pausas Activas','2023-08-10 18:09:34','pausasactivas.png','Lorem Ipsum is simply dummy text of the printing and typesetting industry. Lorem Ipsum has been the industry\'s standard dummy text ever since the 1500s, when an unknown printer took a galley of type and scrambled it to make a type specimen book. It has survived not only five centuries, but also the leap into electronic typesetting, remaining essentially unchanged. It was popularised in the 1960s with the release of Letraset sheets containing Lorem Ipsum passages, and more recently with desktop publishing software like Aldus PageMaker including versions of Lorem Ipsum.','pausas.png','En este código QR puedes registrar tu asistencia a la pausa activa'),(3,'Reportes de Actos y Condiciones Inseguras','2023-08-10 18:09:34','reportes.png','Lorem Ipsum is simply dummy text of the printing and typesetting industry. Lorem Ipsum has been the industry\'s standard dummy text ever since the 1500s, when an unknown printer took a galley of type and scrambled it to make a type specimen book. It has survived not only five centuries, but also the leap into electronic typesetting, remaining essentially unchanged. It was popularised in the 1960s with the release of Letraset sheets containing Lorem Ipsum passages, and more recently with desktop publishing software like Aldus PageMaker including versions of Lorem Ipsum.','condiciones_inseguras.png','En este código QR puedes registrar tu reporte de actos y condiciones'),(4,'Participación en Comités de SSTA','2023-08-10 18:09:34','participacionssta.png','Lorem Ipsum is simply dummy text of the printing and typesetting industry. Lorem Ipsum has been the industry\'s standard dummy text ever since the 1500s, when an unknown printer took a galley of type and scrambled it to make a type specimen book. It has survived not only five centuries, but also the leap into electronic typesetting, remaining essentially unchanged. It was popularised in the 1960s with the release of Letraset sheets containing Lorem Ipsum passages, and more recently with desktop publishing software like Aldus PageMaker including versions of Lorem Ipsum.',NULL,NULL),(5,'Inspecciones Comportamentales','2023-08-10 18:09:34','resultados.png','Lorem Ipsum is simply dummy text of the printing and typesetting industry. Lorem Ipsum has been the industry\'s standard dummy text ever since the 1500s, when an unknown printer took a galley of type and scrambled it to make a type specimen book. It has survived not only five centuries, but also the leap into electronic typesetting, remaining essentially unchanged. It was popularised in the 1960s with the release of Letraset sheets containing Lorem Ipsum passages, and more recently with desktop publishing software like Aldus PageMaker including versions of Lorem Ipsum.',NULL,NULL),(6,'Tapitas Para Sanar','2023-08-10 18:09:34','tapitas.png','Lorem Ipsum is simply dummy text of the printing and typesetting industry. Lorem Ipsum has been the industry\'s standard dummy text ever since the 1500s, when an unknown printer took a galley of type and scrambled it to make a type specimen book. It has survived not only five centuries, but also the leap into electronic typesetting, remaining essentially unchanged. It was popularised in the 1960s with the release of Letraset sheets containing Lorem Ipsum passages, and more recently with desktop publishing software like Aldus PageMaker including versions of Lorem Ipsum.',NULL,NULL),(7,'Participación en Actividades Ambientales','2023-08-10 18:09:34','participacionambiental.png','Lorem Ipsum is simply dummy text of the printing and typesetting industry. Lorem Ipsum has been the industry\'s standard dummy text ever since the 1500s, when an unknown printer took a galley of type and scrambled it to make a type specimen book. It has survived not only five centuries, but also the leap into electronic typesetting, remaining essentially unchanged. It was popularised in the 1960s with the release of Letraset sheets containing Lorem Ipsum passages, and more recently with desktop publishing software like Aldus PageMaker including versions of Lorem Ipsum.',NULL,NULL),(8,'Hábitos y Estilos de Vida Saludable','2023-08-10 18:09:34','habitos.png','Lorem Ipsum is simply dummy text of the printing and typesetting industry. Lorem Ipsum has been the industry\'s standard dummy text ever since the 1500s, when an unknown printer took a galley of type and scrambled it to make a type specimen book. It has survived not only five centuries, but also the leap into electronic typesetting, remaining essentially unchanged. It was popularised in the 1960s with the release of Letraset sheets containing Lorem Ipsum passages, and more recently with desktop publishing software like Aldus PageMaker including versions of Lorem Ipsum.',NULL,NULL),(9,'Uso de Medio de Transporte Ambientales','2023-08-10 18:09:34','transporte.png','Lorem Ipsum is simply dummy text of the printing and typesetting industry. Lorem Ipsum has been the industry\'s standard dummy text ever since the 1500s, when an unknown printer took a galley of type and scrambled it to make a type specimen book. It has survived not only five centuries, but also the leap into electronic typesetting, remaining essentially unchanged. It was popularised in the 1960s with the release of Letraset sheets containing Lorem Ipsum passages, and more recently with desktop publishing software like Aldus PageMaker including versions of Lorem Ipsum.',NULL,NULL),(10,'Cumplimiento en los Tiempos de Respuesta','2023-08-10 18:09:34','cumplimiento.png','Lorem Ipsum is simply dummy text of the printing and typesetting industry. Lorem Ipsum has been the industry\'s standard dummy text ever since the 1500s, when an unknown printer took a galley of type and scrambled it to make a type specimen book. It has survived not only five centuries, but also the leap into electronic typesetting, remaining essentially unchanged. It was popularised in the 1960s with the release of Letraset sheets containing Lorem Ipsum passages, and more recently with desktop publishing software like Aldus PageMaker including versions of Lorem Ipsum.',NULL,NULL),(11,'Otras Actividades','2023-08-10 18:09:34','otros.png','Lorem Ipsum is simply dummy text of the printing and typesetting industry. Lorem Ipsum has been the industry\'s standard dummy text ever since the 1500s, when an unknown printer took a galley of type and scrambled it to make a type specimen book. It has survived not only five centuries, but also the leap into electronic typesetting, remaining essentially unchanged. It was popularised in the 1960s with the release of Letraset sheets containing Lorem Ipsum passages, and more recently with desktop publishing software like Aldus PageMaker including versions of Lorem Ipsum.',NULL,NULL),(12,'Ciberseguridad','2023-08-10 18:09:34','ciberseguridad.png','Lorem Ipsum is simply dummy text of the printing and typesetting industry. Lorem Ipsum has been the industry\'s standard dummy text ever since the 1500s, when an unknown printer took a galley of type and scrambled it to make a type specimen book. It has survived not only five centuries, but also the leap into electronic typesetting, remaining essentially unchanged. It was popularised in the 1960s with the release of Letraset sheets containing Lorem Ipsum passages, and more recently with desktop publishing software like Aldus PageMaker including versions of Lorem Ipsum.',NULL,NULL);
/*!40000 ALTER TABLE `actividades` ENABLE KEYS */;
UNLOCK TABLES;

--
-- Table structure for table `adminitradores`
--

DROP TABLE IF EXISTS `adminitradores`;
/*!40101 SET @saved_cs_client     = @@character_set_client */;
/*!50503 SET character_set_client = utf8mb4 */;
CREATE TABLE `adminitradores` (
  `idadminitradores` int(11) NOT NULL AUTO_INCREMENT,
  `correoElectronico` varchar(45) DEFAULT NULL,
  `nombre` varchar(45) DEFAULT NULL,
  `apellido` varchar(45) DEFAULT NULL,
  PRIMARY KEY (`idadminitradores`)
) ENGINE=InnoDB DEFAULT CHARSET=utf8mb4 COLLATE=utf8mb4_general_ci;
/*!40101 SET character_set_client = @saved_cs_client */;

--
-- Dumping data for table `adminitradores`
--

LOCK TABLES `adminitradores` WRITE;
/*!40000 ALTER TABLE `adminitradores` DISABLE KEYS */;
/*!40000 ALTER TABLE `adminitradores` ENABLE KEYS */;
UNLOCK TABLES;

--
-- Table structure for table `colaborador`
--

DROP TABLE IF EXISTS `colaborador`;
/*!40101 SET @saved_cs_client     = @@character_set_client */;
/*!50503 SET character_set_client = utf8mb4 */;
CREATE TABLE `colaborador` (
  `idcolaborador` int(11) NOT NULL AUTO_INCREMENT,
  `nombre` varchar(45) DEFAULT NULL,
  `apellido` varchar(45) DEFAULT NULL,
  `cedula` varchar(45) DEFAULT NULL,
  `fechaIngreso` datetime DEFAULT NULL,
  `correoElectronico` varchar(100) DEFAULT NULL,
  `cargo` varchar(45) DEFAULT NULL,
  `id_empresa` int(100) NOT NULL,
  PRIMARY KEY (`idcolaborador`),
  KEY `fk_empresa` (`id_empresa`),
  CONSTRAINT `fk_empresa` FOREIGN KEY (`id_empresa`) REFERENCES `empresa` (`idempresa`) ON DELETE NO ACTION ON UPDATE NO ACTION
) ENGINE=InnoDB AUTO_INCREMENT=122 DEFAULT CHARSET=utf8mb4 COLLATE=utf8mb4_general_ci;
/*!40101 SET character_set_client = @saved_cs_client */;

--
-- Dumping data for table `colaborador`
--

LOCK TABLES `colaborador` WRITE;
/*!40000 ALTER TABLE `colaborador` DISABLE KEYS */;
INSERT INTO `colaborador` VALUES (1,'XIOMARA ','AGUILERA HOYOS',NULL,NULL,NULL,NULL,3),(2,'DUVAN JARETH','CAMARGO MORENO',NULL,NULL,NULL,NULL,3),(3,'OLAYNE JOHANA','CONTRERAS RODRIGUEZ',NULL,NULL,NULL,NULL,3),(4,'DIEGO ALEJANDRO','CORREDOR ROJAS',NULL,NULL,NULL,NULL,3),(5,'SERGIO ANDRES','CRUZ CEPEDA',NULL,NULL,NULL,NULL,3),(6,'BLANCA YINEDTH','CRUZ GUEVARA',NULL,NULL,NULL,NULL,3),(7,'BRAYAN ALEXANDER','DAZA BECERRA',NULL,NULL,NULL,NULL,3),(8,'YESSID ESTEBAN','DUARTE PRIETO',NULL,NULL,NULL,NULL,3),(9,'PAULA ALEJANDRA','FERNANDEZ ALMANZA',NULL,NULL,NULL,NULL,3),(10,'WILLIN STIVEN','FUENTES LADINO',NULL,NULL,NULL,NULL,3),(11,'JHON ALEJANDRO','GARCIA GARCIA',NULL,NULL,NULL,NULL,3),(12,'CRISTIAN ALEXANDER','GAVIRIA MORENO',NULL,NULL,NULL,NULL,3),(13,'DANIEL YECID','GOMEZ AGUIRRE',NULL,NULL,NULL,NULL,3),(14,'MIGUEL ANGEL','GOMEZ BENITEZ',NULL,NULL,NULL,NULL,3),(15,'EVER AUGUSTO','GOMEZ ROJAS',NULL,NULL,NULL,NULL,3),(16,'LINA ROCIO','GUIO CORTES',NULL,NULL,NULL,NULL,3),(17,'JESSICA JULIETH','MANOTAS CAMPOS',NULL,NULL,NULL,NULL,3),(18,'JHON JAVIER','MORENO RAMIREZ',NULL,NULL,NULL,NULL,3),(19,'ANA MARIA','MUÑOZ HERNANDEZ',NULL,NULL,NULL,NULL,3),(20,'CARLOS ANDRES','MURCIA ORTIZ',NULL,NULL,NULL,NULL,3),(21,'DIEGO ALEJANDRO','NIÑO LOZANO',NULL,NULL,NULL,NULL,3),(22,'DOLLY YOHANNA','OCAMPO GARAY',NULL,NULL,NULL,NULL,3),(23,'TANIA LORENA','PEDRAZA GONZALEZ',NULL,NULL,NULL,NULL,3),(24,'MARIA ISABEL','PEREZ GARCIA',NULL,NULL,NULL,NULL,3),(25,'DUVAN FERNANDO','PULGARIN MARTINEZ',NULL,NULL,NULL,NULL,3),(26,'LEIDY VIVIANA','QUINTERO SAAVEDRA',NULL,NULL,NULL,NULL,3),(27,'HOVAR STEVEN','RINCON VIANCHA',NULL,NULL,NULL,NULL,3),(28,'NICOLAS STEVEN','ROBAYO HERRERA',NULL,NULL,NULL,NULL,3),(29,'CESAR DAVID','RODRIGUEZ AMORTEGUI',NULL,NULL,NULL,NULL,3),(30,'SANTIAGO ','RODRIGUEZ CACERES',NULL,NULL,NULL,NULL,3),(31,'KAREN ANDREA','SALCEDO CHIZABAS',NULL,NULL,NULL,NULL,3),(32,'ARIEL GUILLERMO','SANCHEZ PAIPILLA',NULL,NULL,NULL,NULL,3),(33,'JORGE LEONARDO','SUAREZ CORTES',NULL,NULL,NULL,NULL,3),(34,'WALTER ENRIQUE','TAMAYO BENAVIDES',NULL,NULL,NULL,NULL,3),(35,'ERIKA ALEJANDRA','TORRES ROCHA',NULL,NULL,NULL,NULL,3),(36,'YARIZ CAMILA','VALDERRAMA BARRETO',NULL,NULL,NULL,NULL,3),(37,'MYRIAM ','VELA GIL',NULL,NULL,NULL,NULL,3),(38,'CRISTIAN DAVID','VERGEL SIERRA',NULL,NULL,NULL,NULL,3),(39,'CARLOS IVAN','WILCHES HERNANDEZ',NULL,NULL,NULL,NULL,3),(40,'MANUEL EDUARDO','BECERRA MEDINA',NULL,NULL,NULL,NULL,4),(41,'LEYDY KATHERINE','MORENO ARIAS',NULL,NULL,NULL,NULL,4),(42,'HECTOR ANDRES','SANCHEZ CASTILLO',NULL,NULL,NULL,NULL,4),(43,'FABER HERMAN','ARISTIZABAL GOMEZ',NULL,NULL,NULL,NULL,1),(44,'MARIA EMILSE','CORONEL ZARABANDA',NULL,NULL,NULL,NULL,1),(45,'JESUS DANIEL','GIL MURCIA',NULL,NULL,NULL,NULL,1),(46,'DIANA MARIA','GUTIERREZ CASTELLANOS',NULL,NULL,NULL,NULL,1),(47,'ANGIE PAOLA','LOPEZ RODRIGUEZ',NULL,NULL,NULL,NULL,1),(48,'RUBEN ARCADIO','MACIAS SOCHA',NULL,NULL,NULL,NULL,1),(49,'JOAN EDDIER','MAHECHA FRANCO',NULL,NULL,NULL,NULL,1),(50,'JAVIN EDGARDO','MANZANO DUQUE',NULL,NULL,NULL,NULL,1),(51,'GIOVANNI ESTEBAN','MARTINEZ BUENO',NULL,NULL,NULL,NULL,1),(52,'LILIANA MARGARITA','MENDEZ CUERVO',NULL,NULL,NULL,NULL,1),(53,'SANDRA YANETH','MURCIA BOLIVAR',NULL,NULL,NULL,NULL,1),(54,'VICTOR ALFONSO','NEVA YANQUEN',NULL,NULL,NULL,NULL,1),(55,'YOIMER JESUS','OSORIO ROMERO',NULL,NULL,NULL,NULL,1),(56,'DIANA CAMILA','PARRA BRICEÑO',NULL,NULL,NULL,NULL,1),(57,'FABIAN ENRIQUE','PEDREROS CAMARGO',NULL,NULL,NULL,NULL,1),(58,'GONZALO ANDRES','PULGARIN GALLEGO',NULL,NULL,NULL,NULL,1),(59,'WILLIAM FERNANDO','PULIDO ARIZA',NULL,NULL,NULL,NULL,1),(60,'HECTOR ALFONSO','RIVERA SANCHEZ',NULL,NULL,NULL,NULL,1),(61,'ANDRES FELIPE','ROA URREGO',NULL,NULL,NULL,NULL,1),(62,'CRISTIAN MAURICIO','RODRIGUEZ CASTRO',NULL,NULL,NULL,NULL,1),(63,'MANUEL ','SAAVEDRA CASTRO',NULL,NULL,NULL,NULL,1),(64,'MAYERLY ','SALCEDO BARRERA',NULL,NULL,NULL,NULL,1),(65,'PAOLA JASMIN','SANCHEZ PALACIOS',NULL,NULL,NULL,NULL,1),(66,'JORGE RICARDO','SANDOVAL MEDINA',NULL,NULL,NULL,NULL,1),(67,'JUAN JOSE','SANTIAGO QUINTERO',NULL,NULL,NULL,NULL,1),(68,'ANDRES IVAN','SIERRA ESPINEL',NULL,NULL,NULL,NULL,1),(69,'CLAUDIA ANDREA','SUESCUN GALLO',NULL,NULL,NULL,NULL,1),(70,'GERMAN LEONARDO','TALERO NIÑO',NULL,NULL,NULL,NULL,1),(71,'JUAN CAMILO','AVELLANEDA GUEVARRA',NULL,NULL,NULL,NULL,2),(72,'MARIA FERNANDA','AVELLANEDA QUINTERO',NULL,NULL,NULL,NULL,2),(73,'ANA MILENA','BARACALDO MONTENEGRO',NULL,NULL,NULL,NULL,2),(74,'JAZMIN GUISELLE','BENAVIDES CANIZALES',NULL,NULL,NULL,NULL,2),(75,'JUAN GILBERTO','BOHORQUEZ MUÑOZ',NULL,NULL,NULL,NULL,2),(76,'JOSE ORLANDO','BRICEÑO ACOSTA',NULL,NULL,NULL,NULL,2),(77,'ANDRES JAHIR','BRICEÑO BECERRA',NULL,NULL,NULL,NULL,2),(78,'ERIC JOHAN','CARO YANQUEN',NULL,NULL,NULL,NULL,2),(79,'JUAN SEBASTIAN','CARRILLO FRANCO',NULL,NULL,NULL,NULL,2),(80,'JOHNNATHAN ALEXANDER','CASTILLO DUARTE',NULL,NULL,NULL,NULL,2),(81,'LUISA FERNANDA','CUASPUD MORA',NULL,NULL,NULL,NULL,2),(82,'INGRID PAOLA','DIAZ PERDOMO',NULL,NULL,NULL,NULL,2),(83,'ALICE BRIYITH','DONCEL CALDERON',NULL,NULL,NULL,NULL,2),(84,'LAURA ELIANA','DURAN ARIZA',NULL,NULL,NULL,NULL,2),(85,'DEL VALLE MARIA','ESCALONA PEINADO',NULL,NULL,NULL,NULL,2),(86,'MARIA PAULA','FAJARDO PEÑA',NULL,NULL,NULL,NULL,2),(87,'JOHAN ANDRES','FERNANDEZ ZORRO',NULL,NULL,NULL,NULL,2),(88,'PAULA ANDREA','FRANCO GOMEZ',NULL,NULL,NULL,NULL,2),(89,'WILLIAM FERNANDO','GARCIA BRICEÑO',NULL,NULL,NULL,NULL,2),(90,'JOHANA YANELIS','GOMEZ GAMARRA',NULL,NULL,NULL,NULL,2),(91,'GERMAN DAVID','GUERRERO GUERRERO',NULL,NULL,NULL,NULL,2),(92,'CINDY MARCELA','JIMENEZ RAMIREZ',NULL,NULL,NULL,NULL,2),(93,'ANGIE TATIANA','LOPEZ BARRIOS',NULL,NULL,NULL,NULL,2),(94,'EDUARD IGNACIO','LOPEZ HEJEILE',NULL,NULL,NULL,NULL,2),(95,'BRAYAN DANIEL','MARTINEZ PIEDRAHITA',NULL,NULL,NULL,NULL,2),(96,'LAURA XIMENA','MOLINA PINZON',NULL,NULL,NULL,NULL,2),(97,'JULIAN ALBERTO','MORA MATIZ',NULL,NULL,NULL,NULL,2),(98,'JUAN SEBASTIAN','MORALES PARRA',NULL,NULL,NULL,NULL,2),(99,'LAURA VALENTINA','MORENO MONTAÑA',NULL,NULL,NULL,NULL,2),(100,'LUIS ALBERTO','MORERAS PAEZ',NULL,NULL,NULL,NULL,2),(101,'FREDDY ESTEBAN','OJEDA COGUA','1007493702',NULL,NULL,NULL,2),(102,'WILLIAM ','OJEDA QUIROZ',NULL,NULL,NULL,NULL,2),(103,'BRAYAN DAVID','OTALORA BENJUMEA',NULL,NULL,NULL,NULL,2),(104,'JOHN FREDY','PAIPA LARA',NULL,NULL,NULL,NULL,2),(105,'SEBASTIAN ','PALACIOS TORRES',NULL,NULL,NULL,NULL,2),(106,'JORGE ESTEBAN','PARRA BRICEÑO',NULL,NULL,NULL,NULL,2),(107,'ROMINA MARIA','PEREZ PEÑA',NULL,NULL,NULL,NULL,2),(108,'FABIO ANDRES','PINTO OVIEDO',NULL,NULL,NULL,NULL,2),(109,'ISAÍ DAVID','PIÑA TORRES',NULL,NULL,NULL,NULL,2),(110,'DIEGO ALEXANDER','POVEDA SANTANA',NULL,NULL,NULL,NULL,2),(111,'JERSON ALEXANDER','QUIROGA ARIZA',NULL,NULL,NULL,NULL,2),(112,'MARIA CAMILA','RODRIGUEZ RODRIGUEZ',NULL,NULL,NULL,NULL,2),(113,'MARY SOLANGIE','RODRIGUEZ ZAMBRANO',NULL,NULL,NULL,NULL,2),(114,'ROGER SMITH','ROMERO ROMERO',NULL,NULL,NULL,NULL,2),(115,'MARIA YALEIDA','RUBIO ROBERTO',NULL,NULL,NULL,NULL,2),(116,'GLORIA MARCELA','RUBIO RUBIO','123123',NULL,'gloria@bdguidance.com',NULL,2),(117,'DIEGO FERNANDO','SARMIENTO VIVAS',NULL,NULL,NULL,NULL,2),(118,'JUAN DAVID','VEGA HEREDIA',NULL,NULL,NULL,NULL,2),(119,'MYRIAM ','VELA GIL',NULL,NULL,NULL,NULL,2),(120,'BRAYAN SANTIAGO','VELASQUEZ POVEDA',NULL,NULL,NULL,NULL,2),(121,'SOLANGY ','VERDUGO COTAMO',NULL,NULL,NULL,NULL,2);
/*!40000 ALTER TABLE `colaborador` ENABLE KEYS */;
UNLOCK TABLES;

--
-- Table structure for table `empresa`
--

DROP TABLE IF EXISTS `empresa`;
/*!40101 SET @saved_cs_client     = @@character_set_client */;
/*!50503 SET character_set_client = utf8mb4 */;
CREATE TABLE `empresa` (
  `idempresa` int(100) NOT NULL AUTO_INCREMENT,
  `nombre` varchar(100) NOT NULL,
  PRIMARY KEY (`idempresa`)
) ENGINE=InnoDB AUTO_INCREMENT=5 DEFAULT CHARSET=utf8mb4 COLLATE=utf8mb4_general_ci;
/*!40101 SET character_set_client = @saved_cs_client */;

--
-- Dumping data for table `empresa`
--

LOCK TABLES `empresa` WRITE;
/*!40000 ALTER TABLE `empresa` DISABLE KEYS */;
INSERT INTO `empresa` VALUES (1,'bdguidance'),(2,'ittic'),(3,'bps'),(4,'Cosmos');
/*!40000 ALTER TABLE `empresa` ENABLE KEYS */;
UNLOCK TABLES;

--
-- Table structure for table `historial`
--

DROP TABLE IF EXISTS `historial`;
/*!40101 SET @saved_cs_client     = @@character_set_client */;
/*!50503 SET character_set_client = utf8mb4 */;
CREATE TABLE `historial` (
  `idhistorial` int(11) NOT NULL AUTO_INCREMENT,
  `idAdministrador` int(11) DEFAULT NULL,
  `fechaCreacion` datetime DEFAULT NULL,
  `observacion` varchar(250) DEFAULT NULL,
  PRIMARY KEY (`idhistorial`),
  KEY `idAdministrador` (`idAdministrador`),
  CONSTRAINT `historial_ibfk_1` FOREIGN KEY (`idAdministrador`) REFERENCES `adminitradores` (`idadminitradores`) ON DELETE NO ACTION ON UPDATE NO ACTION
) ENGINE=InnoDB DEFAULT CHARSET=utf8mb4 COLLATE=utf8mb4_general_ci;
/*!40101 SET character_set_client = @saved_cs_client */;

--
-- Dumping data for table `historial`
--

LOCK TABLES `historial` WRITE;
/*!40000 ALTER TABLE `historial` DISABLE KEYS */;
/*!40000 ALTER TABLE `historial` ENABLE KEYS */;
UNLOCK TABLES;

--
-- Table structure for table `puntuacion`
--

DROP TABLE IF EXISTS `puntuacion`;
/*!40101 SET @saved_cs_client     = @@character_set_client */;
/*!50503 SET character_set_client = utf8mb4 */;
CREATE TABLE `puntuacion` (
  `idpuntuacion` int(11) NOT NULL AUTO_INCREMENT,
  `puntos` varchar(45) DEFAULT NULL,
  `fechaCreacion` datetime DEFAULT NULL,
  `idColaborador` int(11) NOT NULL,
  `idActividad` int(11) NOT NULL,
  `observaciones` varchar(250) DEFAULT NULL,
  `nombreActividad` varchar(200) NOT NULL,
  PRIMARY KEY (`idpuntuacion`),
  KEY `idColaborador` (`idColaborador`),
  KEY `idActividad` (`idActividad`),
  CONSTRAINT `puntuacion_ibfk_1` FOREIGN KEY (`idColaborador`) REFERENCES `colaborador` (`idcolaborador`) ON DELETE CASCADE ON UPDATE CASCADE,
  CONSTRAINT `puntuacion_ibfk_2` FOREIGN KEY (`idActividad`) REFERENCES `actividades` (`idactividades`) ON DELETE CASCADE ON UPDATE CASCADE
) ENGINE=InnoDB AUTO_INCREMENT=907 DEFAULT CHARSET=utf8mb4 COLLATE=utf8mb4_general_ci;
/*!40101 SET character_set_client = @saved_cs_client */;

--
-- Dumping data for table `puntuacion`
--

LOCK TABLES `puntuacion` WRITE;
/*!40000 ALTER TABLE `puntuacion` DISABLE KEYS */;
INSERT INTO `puntuacion` VALUES (1,'25','2023-07-14 00:00:00',43,1,'','Participación oportuna Capacitación Ahorro y uso eficiente de recursos'),(2,'25','2023-07-19 00:00:00',43,1,'','Participación oportuna Capacitación Phishing'),(3,'5','2023-07-05 00:00:00',44,2,'','Pausa activa'),(4,'5','2023-07-06 00:00:00',44,2,'','Pausa activa'),(5,'5','2023-07-13 00:00:00',44,2,'','Pausa activa'),(6,'25','2023-07-14 00:00:00',44,1,'','Participación oportuna Capacitación Ahorro y uso eficiente de recursos'),(7,'20','2023-07-14 00:00:00',44,1,'','Participacion Huella hídrica (Capacitación Ahorro y uso eficiente de recursos)'),(8,'20','2023-07-14 00:00:00',44,1,'','Participacion Huella de carbono (Capacitación Ahorro y uso eficiente de recursos)'),(9,'5','2023-07-14 00:00:00',44,2,'','Pausa activa'),(10,'5','2023-07-17 00:00:00',44,2,'','Pausa activa'),(11,'5','2023-07-19 00:00:00',44,2,'','Pausa activa'),(12,'25','2023-07-19 00:00:00',44,1,'','Participación oportuna Capacitación Phishing'),(13,'5','2023-07-24 00:00:00',44,2,'','Pausa activa'),(14,'5','2023-07-25 00:00:00',44,2,'','Pausa activa'),(15,'25','2023-07-25 00:00:00',44,1,'','Participación oportuna Capacitación Uso responsable de activos'),(16,'5','2023-07-27 00:00:00',44,2,'','Pausa activa'),(17,'5','2023-07-28 00:00:00',44,2,'','Pausa activa'),(18,'5','2023-07-31 00:00:00',44,2,'','Pausa activa'),(19,'5','2023-08-01 00:00:00',44,2,'',' '),(20,'5','2023-08-09 00:00:00',44,2,'','Pausa activa'),(21,'25','2023-07-25 00:00:00',45,1,'','Participación oportuna Capacitación Uso responsable de activos'),(22,'50','2023-07-06 00:00:00',47,7,'','Participación Participación actividades ambientales'),(23,'25','2023-07-10 00:00:00',47,3,'','Reporte de actos y condiciones inseguras '),(24,'1','2023-07-11 00:00:00',47,6,'','Donación Donación tapitas para sanar'),(25,'25','2023-07-13 00:00:00',47,2,'','Pausa activa'),(26,'25','2023-07-14 00:00:00',47,1,'','Participación oportuna Capacitación Ahorro y uso eficiente de recursos'),(27,'20','2023-07-14 00:00:00',47,1,'','Participacion Huella hídrica (Capacitación Ahorro y uso eficiente de recursos)'),(28,'20','2023-07-14 00:00:00',47,1,'','Participacion Huella de carbono (Capacitación Ahorro y uso eficiente de recursos)'),(29,'5','2023-07-17 00:00:00',47,2,'','Pausa activa'),(30,'5','2023-07-18 00:00:00',47,2,'','Pausa activa'),(31,'30','2023-07-18 00:00:00',47,2,'','Participacion activa Pausa activa virtual'),(32,'25','2023-07-19 00:00:00',47,3,'','Reporte de actos y condiciones inseguras '),(33,'25','2023-07-19 00:00:00',47,3,'','Reporte de actos y condiciones inseguras '),(34,'25','2023-07-19 00:00:00',47,3,'','Reporte de actos y condiciones inseguras '),(35,'25','2023-07-19 00:00:00',47,3,'','Reporte de actos y condiciones inseguras '),(36,'25','2023-07-19 00:00:00',47,3,'','Reporte de actos y condiciones inseguras '),(37,'25','2023-07-19 00:00:00',47,3,'','Reporte de actos y condiciones inseguras '),(38,'1','2023-07-19 00:00:00',47,6,'','Donación Donación tapitas para sanar'),(39,'25','2023-07-19 00:00:00',47,1,'','Participación oportuna Capacitación Phishing'),(40,'5','2023-07-21 00:00:00',47,2,'','Pausa activa'),(41,'5','2023-07-21 00:00:00',47,2,'','Pausa activa'),(42,'25','2023-07-24 00:00:00',47,3,'','Reporte de actos y condiciones inseguras '),(43,'25','2023-07-24 00:00:00',47,3,'','Reporte de actos y condiciones inseguras '),(44,'25','2023-07-24 00:00:00',47,3,'','Reporte de actos y condiciones inseguras '),(45,'25','2023-07-24 00:00:00',47,3,'','Reporte de actos y condiciones inseguras '),(46,'25','2023-07-25 00:00:00',47,1,'','Participación oportuna Capacitación Uso responsable de activos'),(47,'5','2023-07-26 00:00:00',47,2,'','Pausa activa'),(48,'5','2023-07-27 00:00:00',47,2,'','Pausa activa'),(49,'5','2023-08-01 00:00:00',47,2,'','Pausa activa'),(50,'5','2023-08-04 00:00:00',47,2,'','Pausa activa'),(51,'5','2023-08-09 00:00:00',47,2,'','Pausa activa'),(52,'5','2023-07-04 00:00:00',48,2,'','Pausa activa'),(53,'5','2023-07-05 00:00:00',48,2,'','Pausa activa'),(54,'5','2023-07-06 00:00:00',48,2,'','Pausa activa'),(55,'5','2023-07-11 00:00:00',48,2,'','Pausa activa'),(56,'25','2023-07-14 00:00:00',48,1,'','Participación oportuna Capacitación Ahorro y uso eficiente de recursos'),(57,'20','2023-07-14 00:00:00',48,1,'','Participacion Huella hídrica (Capacitación Ahorro y uso eficiente de recursos)'),(58,'20','2023-07-14 00:00:00',48,1,'','Participacion Huella de carbono (Capacitación Ahorro y uso eficiente de recursos)'),(59,'5','2023-07-17 00:00:00',48,2,'','Pausa activa'),(60,'25','2023-07-19 00:00:00',48,1,'','Participación oportuna Capacitación Phishing'),(61,'5','2023-07-24 00:00:00',48,2,'','Pausa activa'),(62,'25','2023-07-25 00:00:00',48,1,'','Participación oportuna Capacitación Uso responsable de activos'),(63,'5','2023-07-28 00:00:00',48,2,'','Pausa activa'),(64,'5','2023-07-06 00:00:00',49,2,'','Pausa activa'),(65,'5','2023-07-11 00:00:00',49,2,'','Pausa activa'),(66,'25','2023-07-14 00:00:00',49,1,'','Participación oportuna Capacitación Ahorro y uso eficiente de recursos'),(67,'20','2023-07-14 00:00:00',49,1,'','Participacion Huella hídrica (Capacitación Ahorro y uso eficiente de recursos)'),(68,'25','2023-07-14 00:00:00',50,1,'','Participación oportuna Capacitación Ahorro y uso eficiente de recursos'),(69,'20','2023-07-14 00:00:00',50,1,'','Participacion Huella hídrica (Capacitación Ahorro y uso eficiente de recursos)'),(70,'5','2023-07-11 00:00:00',51,2,'','Pausa activa'),(71,'5','2023-07-13 00:00:00',51,2,'','Pausa activa'),(72,'5','2023-07-17 00:00:00',51,2,'','Pausa activa'),(73,'25','2023-07-19 00:00:00',51,1,'','Participación oportuna Capacitación Phishing'),(74,'5','2023-07-11 00:00:00',51,2,'','Pausa activa'),(75,'5','2023-07-25 00:00:00',51,2,'','Pausa activa'),(76,'25','2023-07-25 00:00:00',51,1,'','Participación oportuna Capacitación Uso responsable de activos'),(77,'5','2023-07-26 00:00:00',51,2,'','Pausa activa'),(78,'5','2023-07-27 00:00:00',51,2,'','Pausa activa'),(79,'5','2023-08-03 00:00:00',51,2,'','Pausa activa'),(80,'5','2023-07-13 00:00:00',52,2,'','Pausa activa'),(81,'5','2023-07-13 00:00:00',52,2,'','Pausa activa'),(82,'40','2023-07-14 00:00:00',52,1,'','Participacion capacitación Ahorro de recursos'),(83,'25','2023-07-14 00:00:00',52,1,'','Participación oportuna Capacitación Ahorro y uso eficiente de recursos'),(84,'20','2023-07-14 00:00:00',52,1,'','Participacion Huella hídrica (Capacitación Ahorro y uso eficiente de recursos)'),(85,'20','2023-07-14 00:00:00',52,1,'','Participacion Huella de carbono (Capacitación Ahorro y uso eficiente de recursos)'),(86,'5','2023-07-18 00:00:00',52,2,'','Pausa activa'),(87,'25','2023-07-19 00:00:00',52,1,'','Participación oportuna Capacitación Phishing'),(88,'5','2024-07-24 00:00:00',52,2,'','Pausa activa'),(89,'25','2023-07-25 00:00:00',52,1,'','Participación oportuna Capacitación Uso responsable de activos'),(90,'5','2023-07-27 00:00:00',52,2,'','Pausa activa'),(91,'5','2023-07-28 00:00:00',52,12,'','Participación encuesta Apropiación de SGSI_S1'),(92,'5','2023-08-01 00:00:00',52,2,'','Pausa activa'),(93,'5','2023-08-04 00:00:00',52,2,'','Pausa activa'),(94,'5','2023-07-17 00:00:00',53,2,'','Pausa activa'),(95,'5','2023-07-18 00:00:00',53,2,'','Pausa activa'),(96,'5','2023-07-21 00:00:00',53,2,'','Pausa activa'),(97,'5','2023-07-24 00:00:00',53,2,'','Pausa activa'),(98,'50','2023-07-23 00:00:00',53,8,'','Participación hábitos y estilo de vida saludable'),(99,'5','2023-07-26 00:00:00',53,2,'','Pausa activa'),(100,'5','2023-07-27 00:00:00',53,2,'','Pausa activa'),(101,'5','2023-07-31 00:00:00',53,2,'','Pausa activa'),(102,'5','2023-08-03 00:00:00',53,2,'','Pausa activa'),(103,'50','2023-08-06 00:00:00',53,8,'','Participación hábitos y estilo de vida saludable'),(104,'5','2023-07-26 00:00:00',54,2,'','Pausa activa'),(105,'25','2023-07-25 00:00:00',54,1,'','Participación oportuna Capacitación Uso responsable de activos'),(106,'5','2023-07-04 00:00:00',57,2,'','Pausa activa'),(107,'5','2023-07-05 00:00:00',57,2,'','Pausa activa'),(108,'5','2023-07-06 00:00:00',57,2,'','Pausa activa'),(109,'5','2023-07-11 00:00:00',57,2,'','Pausa activa'),(110,'5','2023-07-13 00:00:00',57,2,'','Pausa activa'),(111,'25','2023-07-14 00:00:00',57,1,'','Participación oportuna Capacitación Ahorro y uso eficiente de recursos'),(112,'20','2023-07-14 00:00:00',57,1,'','Participacion Huella hídrica (Capacitación Ahorro y uso eficiente de recursos)'),(113,'20','2023-07-14 00:00:00',57,1,'','Participacion Huella de carbono (Capacitación Ahorro y uso eficiente de recursos)'),(114,'50','2023-07-16 00:00:00',57,8,'','Participación hábitos y estilo de vida saludable '),(115,'5','2023-07-18 00:00:00',57,2,'','Pausa activa'),(116,'25','2023-07-19 00:00:00',57,1,'','Participación oportuna Capacitación Phishing'),(117,'5','2023-07-24 00:00:00',57,2,'','Pausa activa'),(118,'25','2023-07-25 00:00:00',57,1,'','Participación oportuna Capacitación Uso responsable de activos'),(119,'5','2023-07-26 00:00:00',57,2,'','Pausa activa'),(120,'5','2023-07-27 00:00:00',57,2,'','Pausa activa'),(121,'5','2023-07-28 00:00:00',57,12,'','Participación encuesta Apropiación de SGSI_S1'),(122,'5','2023-07-31 00:00:00',57,2,'','Pausa activa'),(123,'5','2023-08-09 00:00:00',57,2,'','Pausa activa'),(124,'25','2023-07-14 00:00:00',58,1,'','Participación oportuna Capacitación Ahorro y uso eficiente de recursos'),(125,'5','2023-07-05 00:00:00',59,2,'','Pausa activa'),(126,'5','2023-07-06 00:00:00',59,2,'','Pausa activa'),(127,'5','2023-07-11 00:00:00',59,2,'','Pausa activa'),(128,'5','2023-07-13 00:00:00',59,2,'','Pausa activa'),(129,'25','2023-07-14 00:00:00',59,1,'','Participación oportuna Capacitación Ahorro y uso eficiente de recursos'),(130,'20','2023-07-14 00:00:00',59,1,'','Participacion Huella hídrica (Capacitación Ahorro y uso eficiente de recursos)'),(131,'20','2023-07-14 00:00:00',59,1,'','Participacion Huella de carbono (Capacitación Ahorro y uso eficiente de recursos)'),(132,'5','2023-07-18 00:00:00',59,2,'','Pausa activa'),(133,'25','2023-07-19 00:00:00',59,1,'','Participación oportuna Capacitación Phishing'),(134,'5','2023-07-21 00:00:00',59,2,'','Pausa activa'),(135,'5','2023-07-24 00:00:00',59,2,'','Pausa activa'),(136,'25','2023-07-25 00:00:00',59,1,'','Participación oportuna Capacitación Uso responsable de activos'),(137,'5','2023-07-28 00:00:00',59,2,'','Pausa activa'),(138,'5','2023-07-28 00:00:00',59,12,'','Participación encuesta Apropiación de SGSI_S1'),(139,'5','2023-07-31 00:00:00',59,2,'','Pausa activa'),(140,'5','2023-08-01 00:00:00',59,2,'','Pausa activa'),(141,'5','2023-08-03 00:00:00',59,2,'','Pausa activa'),(142,'5','2023-08-04 00:00:00',59,2,'','Pausa activa'),(143,'50','2023-08-27 00:00:00',59,8,'','Participación hábitos y estilo de vida saludable'),(144,'5','2023-07-04 00:00:00',60,2,'','Pausa activa'),(145,'25','2023-07-14 00:00:00',60,1,'','Participación oportuna Capacitación Ahorro y uso eficiente de recursos'),(146,'25','2023-07-14 00:00:00',61,1,'','Participación oportuna Capacitación Ahorro y uso eficiente de recursos'),(147,'5','2023-07-17 00:00:00',61,2,'','Pausa activa'),(148,'25','2023-07-19 00:00:00',61,1,'','Participación oportuna Capacitación Phishing'),(149,'5','2023-07-21 00:00:00',61,2,'','Pausa activa'),(150,'10','2023-07-24 00:00:00',61,6,'','Donación Donación tapitas para sanar'),(151,'14','2023-07-24 00:00:00',61,6,'','Donación Donación tapitas para sanar'),(152,'14','2023-07-24 00:00:00',61,6,'','Donación Donación tapitas para sanar'),(153,'14','2023-07-24 00:00:00',61,6,'','Donación Donación tapitas para sanar'),(154,'15','2023-07-24 00:00:00',61,6,'','Donación Donación tapitas para sanar'),(155,'16','2023-07-24 00:00:00',61,6,'','Donación Donación tapitas para sanar'),(156,'16','2023-07-24 00:00:00',61,6,'','Donación Donación tapitas para sanar'),(157,'16','2023-07-24 00:00:00',61,6,'','Donación Donación tapitas para sanar'),(158,'19','2023-07-24 00:00:00',61,6,'','Donación Donación tapitas para sanar'),(159,'20','2023-07-24 00:00:00',61,6,'','Donación Donación tapitas para sanar'),(160,'20','2023-07-24 00:00:00',61,6,'','Donación Donación tapitas para sanar'),(161,'2','2023-07-24 00:00:00',61,6,'','Donación Donación tapitas para sanar'),(162,'20','2023-07-24 00:00:00',61,6,'','Donación Donación tapitas para sanar'),(163,'4','2023-07-24 00:00:00',61,6,'','Donación Donación tapitas para sanar'),(164,'5','2023-07-26 00:00:00',61,2,'','Pausa activa'),(165,'5','2023-07-28 00:00:00',61,12,'','Participación encuesta Apropiación de SGSI_S1'),(166,'5','2023-07-31 00:00:00',61,2,'','Pausa activa'),(167,'5','2023-08-03 00:00:00',61,2,'','Pausa activa'),(168,'25','2023-07-19 00:00:00',62,1,'','Participación oportuna Capacitación Phishing'),(169,'5','2023-07-24 00:00:00',62,2,'','Pausa activa'),(170,'5','2023-07-25 00:00:00',62,2,'','Pausa activa'),(171,'25','2023-07-25 00:00:00',62,1,'','Participación oportuna Capacitación Uso responsable de activos'),(172,'5','2023-07-26 00:00:00',62,2,'','Pausa activa'),(173,'5','2023-07-27 00:00:00',62,2,'','Pausa activa'),(174,'5','2023-07-28 00:00:00',62,2,'','Pausa activa'),(175,'5','2023-08-01 00:00:00',62,2,'','Pausa activa'),(176,'5','2023-08-03 00:00:00',62,2,'','Pausa activa'),(177,'6','2023-08-02 00:00:00',63,6,'','Donación Donación tapitas para sanar'),(178,'5','2023-08-03 00:00:00',63,6,'','Donación Donación tapitas para sanar'),(179,'5','2023-07-05 00:00:00',64,2,'','Pausa activa'),(180,'25','2023-07-14 00:00:00',64,1,'','Participación oportuna Capacitación Ahorro y uso eficiente de recursos'),(181,'20','2023-07-14 00:00:00',64,1,'','Participacion Huella hídrica (Capacitación Ahorro y uso eficiente de recursos)'),(182,'20','2023-07-14 00:00:00',64,1,'','Participacion Huella de carbono (Capacitación Ahorro y uso eficiente de recursos)'),(183,'5','2023-07-17 00:00:00',64,2,'','Pausa activa'),(184,'5','2023-07-19 00:00:00',64,2,'','Pausa activa'),(185,'25','2023-07-19 00:00:00',64,1,'','Participación oportuna Capacitación Phishing'),(186,'5','2023-07-21 00:00:00',64,2,'','Pausa activa'),(187,'5','2023-07-24 00:00:00',64,2,'','Pausa activa'),(188,'5','2023-07-26 00:00:00',64,2,'','Pausa activa'),(189,'5','2023-07-31 00:00:00',64,2,'','Pausa activa'),(190,'5','2023-08-04 00:00:00',64,2,'','Pausa activa'),(191,'5','2023-08-09 00:00:00',64,2,'','Pausa activa'),(192,'5','2023-07-04 00:00:00',65,2,'','Pausa activa'),(193,'5','2023-07-05 00:00:00',65,2,'','Pausa activa'),(194,'25','2023-07-14 00:00:00',65,1,'','Participación oportuna Capacitación Ahorro y uso eficiente de recursos'),(195,'20','2023-07-14 00:00:00',65,1,'','Participacion Huella hídrica (Capacitación Ahorro y uso eficiente de recursos)'),(196,'20','2023-07-14 00:00:00',65,1,'','Participacion Huella de carbono (Capacitación Ahorro y uso eficiente de recursos)'),(197,'5','2023-07-17 00:00:00',65,2,'','Pausa activa'),(198,'5','2023-07-21 00:00:00',65,2,'','Pausa activa'),(199,'40','2023-07-21 00:00:00',65,2,'','Pausa activa (Stop)'),(200,'50','2023-07-22 00:00:00',65,8,'','Participación hábitos y estilo de vida saludable '),(201,'25','2023-07-25 00:00:00',65,1,'','Participación oportuna Capacitación Uso responsable de activos'),(202,'5','2023-07-27 00:00:00',65,2,'','Pausa activa'),(203,'5','2023-07-31 00:00:00',65,2,'','Pausa activa'),(204,'25','2023-07-14 00:00:00',66,1,'','Participación oportuna Capacitación Ahorro y uso eficiente de recursos'),(205,'20','2023-07-14 00:00:00',66,1,'','Participacion Huella hídrica (Capacitación Ahorro y uso eficiente de recursos)'),(206,'20','2023-07-14 00:00:00',66,1,'','Participacion Huella de carbono (Capacitación Ahorro y uso eficiente de recursos)'),(207,'25','2023-07-19 00:00:00',66,1,'','Participación oportuna Capacitación Phishing'),(208,'5','2023-07-26 00:00:00',66,2,'','Pausa activa'),(209,'5','2023-07-27 00:00:00',66,2,'','Pausa activa'),(210,'5','2023-07-28 00:00:00',66,12,'','Participación encuesta Apropiación de SGSI_S1'),(211,'5','2023-07-04 00:00:00',67,2,'','Pausa activa'),(212,'5','2023-07-05 00:00:00',67,2,'','Pausa activa'),(213,'25','2023-07-19 00:00:00',67,3,'','Reporte de actos y condiciones inseguras'),(214,'25','2023-07-19 00:00:00',67,1,'','Participación oportuna Capacitación Phishing'),(215,'25','2023-07-21 00:00:00',67,2,'','Liderar pausa activa presencial'),(216,'25','2023-07-25 00:00:00',67,1,'','Participación oportuna Capacitación Uso responsable de activos'),(217,'25','2023-07-19 00:00:00',68,1,'','Participación oportuna Capacitación Phishing'),(218,'5','2023-07-21 00:00:00',68,2,'','Pausa activa'),(219,'5','2023-07-24 00:00:00',68,2,'','Pausa activa'),(220,'10','2023-07-27 00:00:00',68,11,'','Reseña BDGUIDANCE'),(221,'5','2023-07-28 00:00:00',68,12,'','Participación encuesta Apropiación de SGSI_S1'),(222,'5','2023-08-01 00:00:00',68,2,'','Pausa activa'),(223,'40','2023-08-11 00:00:00',68,2,'','Pausa activa (Trivia)'),(224,'5','2023-07-04 00:00:00',69,2,'','Pausa activa'),(225,'5','2023-07-05 00:00:00',69,2,'','Pausa activa'),(226,'25','2023-07-11 00:00:00',69,3,'','Reporte actos y condiciones inseguras'),(227,'2','2023-07-11 00:00:00',69,6,'','Donación Donación tapitas para sanar'),(228,'1','2023-07-12 00:00:00',69,9,'','Uso de medios de transporte ambientalmente sostenible'),(229,'1','2023-07-13 00:00:00',69,9,'','Uso de medios de transporte ambientalmente sostenible'),(230,'25','2023-07-14 00:00:00',69,1,'','Participación oportuna Capacitación Ahorro y uso eficiente de recursos'),(231,'20','2023-07-14 00:00:00',69,1,'','Participacion Huella hídrica (Capacitación Ahorro y uso eficiente de recursos)'),(232,'20','2023-07-14 00:00:00',69,1,'','Participacion Huella de carbono (Capacitación Ahorro y uso eficiente de recursos)'),(233,'5','2023-07-18 00:00:00',69,2,'','Pausa activa'),(234,'25','2023-07-19 00:00:00',69,3,'','Reporte actos y condiciones inseguras'),(235,'25','2023-07-19 00:00:00',69,1,'','Participación oportuna Capacitación Phishing'),(236,'5','2023-07-21 00:00:00',69,2,'','Pausa activa'),(237,'10','2023-07-21 00:00:00',69,6,'','Donación Donación tapitas para sanar'),(238,'25','2023-07-24 00:00:00',69,3,'','Reporte actos y condiciones inseguras'),(239,'25','2023-07-24 00:00:00',69,3,'','Reporte actos y condiciones inseguras'),(240,'25','2023-07-25 00:00:00',69,1,'','Participación oportuna Capacitación Uso responsable de activos'),(241,'50','2023-08-20 00:00:00',69,7,'','Participación Participación actividades ambientales'),(242,'5','2023-07-05 00:00:00',1,2,'','Pausa activa'),(243,'5','2023-07-07 00:00:00',1,2,'','Pausa activa'),(244,'25','2023-07-11 00:00:00',1,1,'','Participación oportuna Capacitación Sentido y proposito de vida, como apalancador de los factores psicosociales protectores en el entorno laboral'),(245,'5','2023-07-11 00:00:00',1,2,'','Pausa activa'),(246,'25','2023-07-12 00:00:00',1,1,'','Capacitación Brigada de emergencia: Prevención y control del fuego'),(247,'25','2023-07-13 00:00:00',1,1,'','Capacitacion Brigada de emergencia modulo no. 5: Inmovilizacion y vendajes'),(248,'5','2023-07-17 00:00:00',1,2,'','Pausa activa'),(249,'25','2023-07-19 00:00:00',1,1,'','Capacitación Brigada de emergencia modulo no. 6: Teoria del fuego y manejo de extintores'),(250,'25','2023-07-19 00:00:00',1,1,'','Participación oportuna Capacitación Phishing'),(251,'5','2023-07-21 00:00:00',1,2,'','Pausa activa'),(252,'25','2023-07-25 00:00:00',1,1,'','Participación oportuna Capacitación Uso responsable de activos'),(253,'5','2023-07-31 00:00:00',1,2,'','Pausa activa'),(254,'5','2023-08-04 00:00:00',1,2,'','Pausa activa'),(255,'25','2023-07-19 00:00:00',2,1,'','Participación oportuna Capacitación Phishing'),(256,'25','2023-07-25 00:00:00',2,1,'','Participación oportuna Capacitación Uso responsable de activos'),(257,'5','2023-07-28 00:00:00',3,12,'','Participación encuesta Apropiación de SGSI_S1'),(258,'5','2023-07-14 00:00:00',4,2,'','Pausa activa'),(259,'5','2023-07-17 00:00:00',4,2,'','Pausa activa'),(260,'25','2023-07-19 00:00:00',4,2,'','Liderar pausa activa presencial virtual'),(261,'5','2023-07-28 00:00:00',4,12,'','Participación encuesta Apropiación de SGSI_S1'),(262,'5','2023-07-31 00:00:00',4,2,'','Pausa activa'),(263,'5','2023-08-09 00:00:00',4,2,'','Pausa activa'),(264,'50','2023-08-13 00:00:00',4,7,'','Participación actividades ambientales'),(265,'50','2023-08-21 00:00:00',4,7,'','Participación actividades ambientales'),(266,'50','2023-08-27 00:00:00',4,7,'','Participación actividades ambientales'),(267,'5','2023-07-04 00:00:00',5,2,'','Pausa activa'),(268,'5','2023-07-06 00:00:00',5,2,'','Pausa activa'),(269,'25','2023-07-11 00:00:00',5,1,'','Participación oportuna Capacitación Sentido y proposito de vida, como apalancador de los factores psicosociales protectores en el entorno laboral'),(270,'5','2023-07-11 00:00:00',5,2,'','Pausa activa'),(271,'5','2023-07-13 00:00:00',5,2,'','Pausa activa'),(272,'40','2023-07-14 00:00:00',5,1,'','Participacion capacitación Ahorro de recursos'),(273,'25','2023-07-14 00:00:00',5,1,'','Participación oportuna Capacitación Ahorro y uso eficiente de recursos'),(274,'20','2023-07-14 00:00:00',5,1,'','Participacion Huella hídrica (Capacitación Ahorro y uso eficiente de recursos)'),(275,'20','2023-07-14 00:00:00',5,1,'','Participacion Huella de carbono (Capacitación Ahorro y uso eficiente de recursos)'),(276,'5','2023-07-18 00:00:00',5,2,'','pausa activa'),(277,'25','2023-07-19 00:00:00',5,1,'','Participación oportuna Capacitación Phishing'),(278,'25','2023-07-21 00:00:00',5,2,'','Pausa activa'),(279,'5','2023-07-24 00:00:00',5,2,'','Pausa activa'),(280,'5','2023-07-25 00:00:00',5,2,'','Pausa activa'),(281,'25','2023-07-25 00:00:00',5,1,'','Participación oportuna Capacitación Uso responsable de activos'),(282,'10','2023-07-25 00:00:00',5,1,'','Participacion activa Capacitación Uso responsable de activos'),(283,'5','2023-07-26 00:00:00',5,2,'','Pausa activa'),(284,'5','2023-07-27 00:00:00',5,2,'','Pausa activa'),(285,'5','2023-07-28 00:00:00',5,12,'','Participación encuesta Apropiación de SGSI_S1'),(286,'5','2023-07-31 00:00:00',5,2,'','Pausa activa'),(287,'5','2023-08-01 00:00:00',5,2,'','Pausa activa'),(288,'5','2023-08-03 00:00:00',5,2,'','Pausa activa'),(289,'5','2023-08-04 00:00:00',5,2,'','Pausa activa'),(290,'5','2023-08-09 00:00:00',5,2,'','Pausa activa'),(291,'40','2023-08-15 00:00:00',5,2,'','Ganador Pausa Activa'),(292,'5','2023-07-04 00:00:00',6,2,'','Pausa activa'),(293,'5','2023-07-05 00:00:00',6,2,'','Pausa activa'),(294,'25','2023-07-05 00:00:00',6,1,'','Participacion oportuna Capacitacion Comites de convivencia modulo no. 1.'),(295,'5','2023-07-07 00:00:00',6,2,'','Pausa activa'),(296,'25','2023-07-11 00:00:00',6,1,'','Participación oportuna Capacitación Sentido y proposito de vida, como apalancador de los factores psicosociales protectores en el entorno laboral'),(297,'5','2023-07-11 00:00:00',6,2,'','Pausa activa'),(298,'25','2023-07-12 00:00:00',6,1,'','Capacitación Brigada de emergencia: Prevención y control del fuego'),(299,'25','2023-07-14 00:00:00',6,1,'','Participación oportuna Capacitación Ahorro y uso eficiente de recursos'),(300,'20','2023-07-14 00:00:00',6,1,'','Participacion Huella hídrica (Capacitación Ahorro y uso eficiente de recursos)'),(301,'20','2023-07-14 00:00:00',6,1,'','Participacion Huella de carbono (Capacitación Ahorro y uso eficiente de recursos)'),(302,'5','2023-07-17 00:00:00',6,2,'','Pausa activa'),(303,'5','2023-07-18 00:00:00',6,2,'','Pausa activa'),(304,'25','2023-07-19 00:00:00',6,1,'','Participación oportuna Capacitación Phishing'),(305,'5','2023-07-21 00:00:00',6,2,'','Pausa activa'),(306,'25','2023-07-25 00:00:00',6,1,'','Participación oportuna Capacitación Uso responsable de activos'),(307,'20','2023-07-25 00:00:00',6,1,'','Participacion activa Capacitación Uso responsable de activos'),(308,'5','2023-07-26 00:00:00',6,2,'','Pausa activa'),(309,'5','2023-07-28 00:00:00',6,12,'','Participación encuesta Apropiación de SGSI_S1'),(310,'5','2023-07-31 00:00:00',6,2,'','Pausa activa'),(311,'5','2023-08-01 00:00:00',6,2,'','Pausa activa'),(312,'40','2023-08-04 00:00:00',6,2,'','Pausa activa (Ganadora Stop)'),(313,'5','2023-08-04 00:00:00',6,2,'','Pausa activa'),(314,'5','2023-08-09 00:00:00',6,2,'','Pausa activa'),(315,'25','2023-07-19 00:00:00',7,1,'','Participación oportuna Capacitación Phishing'),(316,'25','2023-07-25 00:00:00',7,1,'','Participación oportuna Capacitación Uso responsable de activos'),(317,'50','2023-08-05 00:00:00',7,7,'','Participación actividades ambientales'),(318,'25','2023-07-19 00:00:00',8,1,'','Participación oportuna Capacitación Phishing'),(319,'25','2023-07-25 00:00:00',8,1,'','Participación oportuna Capacitación Uso responsable de activos'),(320,'10','2023-07-25 00:00:00',8,1,'','Participacion activa Capacitación Uso responsable de activos'),(321,'5','2023-07-14 00:00:00',9,2,'','Pausa activa'),(322,'25','2023-07-14 00:00:00',9,1,'','Participación oportuna Capacitación Ahorro y uso eficiente de recursos'),(323,'25','2023-07-19 00:00:00',9,1,'','Participación oportuna Capacitación Phishing'),(324,'25','2023-07-25 00:00:00',9,1,'','Participación oportuna Capacitación Uso responsable de activos'),(325,'5','2023-07-27 00:00:00',9,2,'','Pausa activa'),(326,'5','2023-07-06 00:00:00',10,2,'','Pausa activa'),(327,'25','2023-07-25 00:00:00',10,1,'','Participación oportuna Capacitación Uso responsable de activos'),(328,'5','2023-07-11 00:00:00',12,2,'','Pausa activa'),(329,'25','2023-07-14 00:00:00',12,1,'','Participación oportuna Capacitación Ahorro y uso eficiente de recursos'),(330,'20','2023-07-14 00:00:00',12,1,'','Participacion Huella hídrica (Capacitación Ahorro y uso eficiente de recursos)'),(331,'20','2023-07-14 00:00:00',12,1,'','Participacion Huella de carbono (Capacitación Ahorro y uso eficiente de recursos)'),(332,'25','2023-07-19 00:00:00',12,1,'','Participación oportuna Capacitación Phishing'),(333,'5','2023-07-24 00:00:00',12,2,'','Pausa activa'),(334,'5','2023-07-25 00:00:00',12,2,'','Pausa activa'),(335,'5','2023-07-26 00:00:00',12,2,'','Pausa activa'),(336,'5','2023-07-05 00:00:00',13,2,'','Pausa activa'),(337,'5','2023-07-06 00:00:00',13,2,'','Pausa activa'),(338,'5','2023-07-24 00:00:00',13,2,'','Pausa activa'),(339,'5','2023-07-26 00:00:00',13,2,'','Pausa activa'),(340,'5','2023-07-27 00:00:00',13,2,'','Pausa activa'),(341,'25','2023-07-11 00:00:00',16,1,'','Participación oportuna Capacitación Sentido y proposito de vida, como apalancador de los factores psicosociales protectores en el entorno laboral'),(342,'25','2023-07-12 00:00:00',16,1,'','Capacitación Brigada de emergencia: Prevención y control del fuego'),(343,'25','2023-07-13 00:00:00',16,1,'','Capacitacion Brigada de emergencia modulo no. 5: Inmovilizacion y vendajes'),(344,'5','2023-07-18 00:00:00',16,2,'','Pausa activa'),(345,'25','2023-07-19 00:00:00',16,1,'','Capacitación Brigada de emergencia modulo no. 6: Teoria del fuego y manejo de extintores'),(346,'25','2023-07-19 00:00:00',16,1,'','Participación oportuna Capacitación Phishing'),(347,'25','2023-07-21 00:00:00',16,2,'','Liderar pausa activa presencial virtual'),(348,'5','2023-07-24 00:00:00',16,2,'','Pausa activa'),(349,'5','2023-07-25 00:00:00',16,2,'','Pausa activa'),(350,'5','2023-07-27 00:00:00',16,2,'','Pausa activa'),(351,'25','2023-07-28 00:00:00',16,2,'','Liderar pausa activa presencial virtual'),(352,'5','2023-07-28 00:00:00',16,2,'','Pausa activa'),(353,'5','2023-07-31 00:00:00',16,2,'','Pausa activa'),(354,'5','2023-08-04 00:00:00',16,2,'','Pausa activa'),(355,'20','2023-08-04 00:00:00',16,6,'','Donación Donación tapitas para sanar'),(356,'20','2023-08-04 00:00:00',16,6,'','Donación Donación tapitas para sanar'),(357,'20','2023-08-04 00:00:00',16,6,'','Donación Donación tapitas para sanar'),(358,'20','2023-08-04 00:00:00',16,6,'','Donación Donación tapitas para sanar'),(359,'20','2023-08-04 00:00:00',16,6,'','Donación Donación tapitas para sanar'),(360,'20','2023-08-04 00:00:00',16,6,'','Donación Donación tapitas para sanar'),(361,'20','2023-08-04 00:00:00',16,6,'','Donación Donación tapitas para sanar'),(362,'20','2023-08-04 00:00:00',16,6,'','Donación Donación tapitas para sanar'),(363,'20','2023-08-04 00:00:00',16,6,'','Donación Donación tapitas para sanar'),(364,'20','2023-08-04 00:00:00',16,6,'','Donación Donación tapitas para sanar'),(365,'5','2023-07-06 00:00:00',17,2,'','Pausa activa'),(366,'5','2023-07-17 00:00:00',17,2,'','Pausa activa'),(367,'5','2023-07-28 00:00:00',17,2,'','Pausa activa'),(368,'5','2023-08-09 00:00:00',17,2,'','Pausa activa'),(369,'5','2023-07-28 00:00:00',18,12,'','Participación encuesta Apropiación de SGSI_S1'),(370,'5','2023-07-05 00:00:00',19,2,'','Pausa activa'),(371,'5','2023-07-17 00:00:00',19,2,'','Pausa activa'),(372,'5','2023-07-24 00:00:00',19,2,'','Pausa activa'),(373,'5','2023-07-25 00:00:00',19,2,'','Pausa activa'),(374,'25','2023-07-26 00:00:00',19,2,'','Liderar pausa activa presencial Virtual'),(375,'5','2023-07-26 00:00:00',19,2,'','Pausa activa'),(376,'5','2023-07-27 00:00:00',19,2,'','Pausa activa'),(377,'5','2023-07-28 00:00:00',19,2,'','Pausa activa'),(378,'5','2023-08-04 00:00:00',19,2,'','Pausa activa'),(379,'25','2023-07-14 00:00:00',20,1,'','Participación oportuna Capacitación Ahorro y uso eficiente de recursos'),(380,'20','2023-07-14 00:00:00',20,1,'','Participacion Huella hídrica (Capacitación Ahorro y uso eficiente de recursos)'),(381,'20','2023-07-14 00:00:00',20,1,'','Participacion Huella de carbono (Capacitación Ahorro y uso eficiente de recursos)'),(382,'5','2023-07-28 00:00:00',20,12,'','Participación encuesta Apropiación de SGSI_S1'),(383,'5','2023-08-04 00:00:00',20,2,'','Pausa activa'),(384,'5','2023-07-04 00:00:00',22,2,'','Pausa activa'),(385,'25','2023-07-05 00:00:00',22,1,'','Participacion oportuna Capacitacion Comites de convivencia modulo no. 1.'),(386,'5','2023-07-13 00:00:00',22,2,'','Pausa activa'),(387,'25','2023-07-14 00:00:00',22,1,'','Participación oportuna Capacitación Ahorro y uso eficiente de recursos'),(388,'20','2023-07-14 00:00:00',22,1,'','Participacion Huella hídrica (Capacitación Ahorro y uso eficiente de recursos)'),(389,'20','2023-07-14 00:00:00',22,1,'','Participacion Huella de carbono (Capacitación Ahorro y uso eficiente de recursos)'),(390,'5','2023-07-28 00:00:00',22,12,'','Participación encuesta Apropiación de SGSI_S1'),(391,'5','2023-07-28 00:00:00',23,12,'','Participación encuesta Apropiación de SGSI_S1'),(392,'5','2023-07-18 00:00:00',26,2,'','Pausa activa'),(393,'5','2023-07-19 00:00:00',26,2,'','Pausa activa'),(394,'5','2023-08-09 00:00:00',26,2,'','Pausa activa'),(395,'5','2023-07-06 00:00:00',27,2,'','Pausa activa'),(396,'25','2023-07-14 00:00:00',27,1,'','Participación oportuna Capacitación Ahorro y uso eficiente de recursos'),(397,'20','2023-07-14 00:00:00',27,1,'','Participacion Huella hídrica (Capacitación Ahorro y uso eficiente de recursos)'),(398,'20','2023-07-14 00:00:00',27,1,'','Participacion Huella de carbono (Capacitación Ahorro y uso eficiente de recursos)'),(399,'25','2023-07-19 00:00:00',27,1,'','Participación oportuna Capacitación Phishing'),(400,'25','2023-07-25 00:00:00',27,1,'','Participación oportuna Capacitación Uso responsable de activos'),(401,'5','2023-08-01 00:00:00',27,2,'','Pausa activa'),(402,'5','2023-08-04 00:00:00',27,2,'','Pausa activa'),(403,'5','2023-08-09 00:00:00',27,2,'','Pausa activa'),(404,'25','2023-07-19 00:00:00',28,1,'','Participación oportuna Capacitación Phishing'),(405,'1','2023-07-03 00:00:00',29,6,'','Donación Donación tapitas para sanar'),(406,'25','2023-07-05 00:00:00',29,1,'','Participación oportuna Capacitación Generalidades de los programas de vigilancia epidemiológica'),(407,'25','2023-07-06 00:00:00',29,1,'','Participación oportuna Capacitación Aspectos fundamentales de la guía iso 45003 - seguridad psicologica en el trabajo'),(408,'25','2023-07-11 00:00:00',29,1,'','Participación oportuna Capacitación Sentido y proposito de vida, como apalancador de los factores psicosociales protectores en el entorno laboral'),(409,'25','2023-07-12 00:00:00',29,1,'','Capacitación Brigada de emergencia: Prevención y control del fuego'),(410,'25','2023-07-13 00:00:00',29,1,'','Capacitacion Brigada de emergencia modulo no. 5: Inmovilizacion y vendajes'),(411,'25','2023-07-14 00:00:00',29,1,'','Participación oportuna Capacitación Ahorro y uso eficiente de recursos'),(412,'20','2023-07-14 00:00:00',29,1,'','Participacion Huella hídrica (Capacitación Ahorro y uso eficiente de recursos)'),(413,'20','2023-07-14 00:00:00',29,1,'','Participacion Huella de carbono (Capacitación Ahorro y uso eficiente de recursos)'),(414,'25','2023-07-19 00:00:00',29,1,'','Capacitación Brigada de emergencia modulo no. 6: Teoria del fuego y manejo de extintores'),(415,'25','2023-07-19 00:00:00',29,1,'','Participación oportuna Capacitación Phishing'),(416,'25','2023-07-25 00:00:00',29,1,'','Participación oportuna Capacitación Uso responsable de activos'),(417,'10','2023-07-25 00:00:00',29,1,'','Participacion activa Capacitación Uso responsable de activos'),(418,'5','2023-07-28 00:00:00',29,12,'','Participación encuesta Apropiación de SGSI_S1'),(419,'50','2023-08-06 00:00:00',29,8,'','Participación Participación hábitos y estilo de vida saludable'),(420,'50','2023-08-19 00:00:00',29,7,'','Participación Participación actividades ambientales'),(421,'5','2023-07-06 00:00:00',30,2,'','Pausa activa'),(422,'25','2023-07-25 00:00:00',30,1,'','Participación oportuna Capacitación Uso responsable de activos'),(423,'5','2023-07-31 00:00:00',30,2,'','Pausa activa'),(424,'25','2023-07-14 00:00:00',31,1,'','Participación oportuna Capacitación Ahorro y uso eficiente de recursos'),(425,'20','2023-07-14 00:00:00',31,1,'','Participacion Huella hídrica (Capacitación Ahorro y uso eficiente de recursos)'),(426,'20','2023-07-14 00:00:00',31,1,'','Participacion Huella de carbono (Capacitación Ahorro y uso eficiente de recursos)'),(427,'25','2023-07-25 00:00:00',31,1,'','Participación oportuna Capacitación Uso responsable de activos'),(428,'5','2023-07-18 00:00:00',32,2,'','Pausa activa'),(429,'5','2023-07-04 00:00:00',34,2,'','Pausa activa'),(430,'25','2023-07-19 00:00:00',34,1,'','Participación oportuna Capacitación Phishing'),(431,'25','2023-07-25 00:00:00',34,1,'','Participación oportuna Capacitación Uso responsable de activos'),(432,'5','2023-08-04 00:00:00',34,2,'','Pausa activa'),(433,'25','2023-07-14 00:00:00',35,1,'','Participación oportuna Capacitación Ahorro y uso eficiente de recursos'),(434,'20','2023-07-14 00:00:00',35,1,'','Participacion Huella hídrica (Capacitación Ahorro y uso eficiente de recursos)'),(435,'20','2023-07-14 00:00:00',35,1,'','Participacion Huella de carbono (Capacitación Ahorro y uso eficiente de recursos)'),(436,'25','2023-07-19 00:00:00',35,1,'','Participación oportuna Capacitación Phishing'),(437,'25','2023-07-25 00:00:00',35,1,'','Participación oportuna Capacitación Uso responsable de activos'),(438,'50','2023-07-14 00:00:00',36,8,'','Participación hábitos y estilo de vida saludable'),(439,'25','2023-07-14 00:00:00',36,1,'','Participación oportuna Capacitación Ahorro y uso eficiente de recursos'),(440,'20','2023-07-14 00:00:00',36,1,'','Participacion Huella hídrica (Capacitación Ahorro y uso eficiente de recursos)'),(441,'20','2023-07-14 00:00:00',36,1,'','Participacion Huella de carbono (Capacitación Ahorro y uso eficiente de recursos)'),(442,'25','2023-07-19 00:00:00',36,1,'','Participación oportuna Capacitación Phishing'),(443,'25','2023-07-25 00:00:00',36,1,'','Participación oportuna Capacitación Uso responsable de activos'),(444,'5','2023-07-28 00:00:00',36,12,'','Participación encuesta Apropiación de SGSI_S1'),(445,'5','2023-08-04 00:00:00',40,2,'','Pausa activa'),(446,'5','2023-08-04 00:00:00',41,2,'','Pausa activa'),(447,'5','2023-07-04 00:00:00',71,2,'','Pausa activa'),(448,'5','2023-07-06 00:00:00',71,2,'','Pausa activa'),(449,'5','2023-07-07 00:00:00',71,2,'','Pausa activa'),(450,'25','2023-07-12 00:00:00',71,1,'','Capacitación Brigada de emergencia: Prevención y control del fuego'),(451,'5','2023-07-17 00:00:00',71,2,'','Pausa activa'),(452,'30','2023-07-18 00:00:00',71,2,'','Liderar pausa activa presencial'),(453,'25','2023-07-19 00:00:00',71,1,'','Participación oportuna Capacitación Phishing'),(454,'5','2023-07-21 00:00:00',71,2,'','Pausa activa'),(455,'5','2023-07-25 00:00:00',71,2,'','Pausa activa'),(456,'25','2023-07-25 00:00:00',71,1,'','Participación oportuna Capacitación Uso responsable de activos'),(457,'5','2023-07-26 00:00:00',71,2,'','Pausa activa'),(458,'5','2023-07-17 00:00:00',72,2,'','Pausa activa'),(459,'25','2023-07-19 00:00:00',72,1,'','Participación oportuna Capacitación Phishing'),(460,'5','2023-07-21 00:00:00',72,2,'','Pausa activa'),(461,'10','2023-07-27 00:00:00',72,11,'','Reseña BDGUIDANCE'),(462,'5','2023-07-28 00:00:00',72,6,'','Donación Donación tapitas para sanar'),(463,'5','2023-07-31 00:00:00',72,2,'','Pausa activa'),(464,'5','2023-08-01 00:00:00',72,2,'','Pausa activa'),(465,'1','2023-08-03 00:00:00',72,6,'','Donación Donación tapitas para sanar'),(466,'5','2023-08-09 00:00:00',72,2,'','Pausa activa'),(467,'5','2023-07-25 00:00:00',73,2,'','Pausa activa'),(468,'5','2023-07-26 00:00:00',73,2,'','Pausa activa'),(469,'25','2023-07-03 00:00:00',74,3,'','Reporte de actos y condiciones inseguras'),(470,'25','2023-07-04 00:00:00',74,3,'','Reporte de actos y condiciones inseguras'),(471,'5','2023-07-06 00:00:00',74,2,'','Pausa activa'),(472,'5','2023-07-07 00:00:00',74,2,'','Pausa activa'),(473,'5','2023-07-11 00:00:00',74,2,'','Pausa activa'),(474,'40','2023-07-17 00:00:00',74,2,'','Participacion activa videos Pausas Activas'),(475,'5','2023-07-18 00:00:00',74,2,'','Pausa activa'),(476,'20','2023-07-19 00:00:00',74,6,'','Donación Donación tapitas para sanar'),(477,'20','2023-07-19 00:00:00',74,6,'','Donación Donación tapitas para sanar'),(478,'20','2023-07-19 00:00:00',74,6,'','Donación Donación tapitas para sanar'),(479,'25','2023-07-19 00:00:00',74,1,'','Participación oportuna Capacitación Phishing'),(480,'5','2023-07-21 00:00:00',74,2,'','Pausa activa'),(481,'20','2023-07-21 00:00:00',74,6,'','Donación Donación tapitas para sanar'),(482,'5','2023-07-24 00:00:00',74,2,'','Pausa activa'),(483,'5','2023-07-24 00:00:00',74,2,'','Pausa activa'),(484,'20','2023-07-24 00:00:00',74,6,'','Donación Donación tapitas para sanar'),(485,'20','2023-07-24 00:00:00',74,6,'','Donación Donación tapitas para sanar'),(486,'20','2023-07-24 00:00:00',74,6,'','Donación Donación tapitas para sanar'),(487,'20','2023-07-24 00:00:00',74,6,'','Donación Donación tapitas para sanar'),(488,'20','2023-07-24 00:00:00',74,6,'','Donación Donación tapitas para sanar'),(489,'20','2023-07-24 00:00:00',74,6,'','Donación Donación tapitas para sanar'),(490,'20','2023-07-24 00:00:00',74,6,'','Donación Donación tapitas para sanar'),(491,'20','2023-07-24 00:00:00',74,6,'','Donación Donación tapitas para sanar'),(492,'20','2023-07-24 00:00:00',74,6,'','Donación Donación tapitas para sanar'),(493,'20','2023-07-24 00:00:00',74,6,'','Donación Donación tapitas para sanar'),(494,'20','2023-07-24 00:00:00',74,6,'','Donación Donación tapitas para sanar'),(495,'20','2023-07-24 00:00:00',74,6,'','Donación Donación tapitas para sanar'),(496,'20','2023-07-24 00:00:00',74,6,'','Donación Donación tapitas para sanar'),(497,'20','2023-07-24 00:00:00',74,6,'','Donación Donación tapitas para sanar'),(498,'20','2023-07-24 00:00:00',74,6,'','Donación Donación tapitas para sanar'),(499,'5','2023-07-25 00:00:00',74,2,'','Pausa activa'),(500,'25','2023-07-25 00:00:00',74,1,'','Participación oportuna Capacitación Uso responsable de activos'),(501,'5','2023-07-26 00:00:00',74,2,'','Pausa activa'),(502,'5','2023-07-21 00:00:00',77,2,'','Pausa activa'),(503,'5','2023-07-31 00:00:00',79,2,'','Pausa activa'),(504,'5','2023-07-17 00:00:00',80,2,'','Pausa activa'),(505,'5','2023-07-26 00:00:00',80,2,'','Pausa activa'),(506,'5','2023-07-31 00:00:00',80,2,'','Pausa activa'),(507,'25','2023-07-03 00:00:00',81,3,'','Reporte de actos y condiciones inseguras'),(508,'5','2023-07-04 00:00:00',81,2,'','Pausa activa'),(509,'5','2023-07-05 00:00:00',81,2,'','Pausa activa'),(510,'5','2023-07-06 00:00:00',81,2,'','Pausa activa'),(511,'5','2023-07-07 00:00:00',81,2,'','Pausa activa'),(512,'25','2023-07-11 00:00:00',81,1,'','Participación oportuna Capacitación Sentido y propósito de vida, como apalancador de los factores psicosociales protectores en el entorno laboral'),(513,'5','2023-07-11 00:00:00',81,2,'','Pausa activa'),(514,'25','2023-07-12 00:00:00',81,1,'','Capacitación Brigada de emergencia: Prevención y control del fuego'),(515,'25','2023-07-13 00:00:00',81,1,'','Capacitacion Brigada de emergencia modulo no. 5: Inmovilizacion y vendajes'),(516,'25','2023-07-14 00:00:00',81,3,'','Reporte de actos y condiciones inseguras'),(517,'25','2023-07-14 00:00:00',81,1,'','Participación oportuna Capacitación Ahorro y uso eficiente de recursos'),(518,'20','2023-07-14 00:00:00',81,1,'','Participacion Huella hídrica (Capacitación Ahorro y uso eficiente de recursos)'),(519,'20','2023-07-14 00:00:00',81,1,'','Participacion Huella de carbono (Capacitación Ahorro y uso eficiente de recursos)'),(520,'40','2023-07-17 00:00:00',81,2,'','Participacion activa videos Pausas Activas'),(521,'5','2023-07-17 00:00:00',81,2,'','Pausa activa'),(522,'5','2023-07-18 00:00:00',81,2,'','Pausa activa'),(523,'25','2023-07-19 00:00:00',81,1,'','Capacitación Brigada de emergencia modulo no. 6: Teoria del fuego y manejo de extintores'),(524,'25','2023-07-19 00:00:00',81,1,'','Participación oportuna Capacitación Phishing'),(525,'25','2023-07-19 00:00:00',81,3,'','Reporte de actos y condiciones inseguras'),(526,'25','2023-07-19 00:00:00',81,3,'','Reporte de actos y condiciones inseguras'),(527,'25','2023-07-19 00:00:00',81,3,'','Reporte de actos y condiciones inseguras'),(528,'25','2023-07-24 00:00:00',81,2,'','Liderar pausa activa presencial virtual'),(529,'25','2023-07-24 00:00:00',81,2,'','Liderar pausa activa presencial'),(530,'25','2023-07-25 00:00:00',81,2,'','Liderar pausa activa presencial virtual'),(531,'5','2023-07-25 00:00:00',81,2,'','Pausa activa'),(532,'25','2023-07-25 00:00:00',81,1,'','Participación oportuna Capacitación Uso responsable de activos'),(533,'5','2023-07-26 00:00:00',81,2,'','Pausa activa'),(534,'5','2023-07-27 00:00:00',81,2,'','Pausa activa'),(535,'5','2023-07-31 00:00:00',81,2,'','Pausa activa'),(536,'25','2023-08-01 00:00:00',81,2,'','Liderar pausa activa presencial virtual'),(537,'5','2023-08-01 00:00:00',81,2,'','Pausa activa'),(538,'5','2023-08-03 00:00:00',81,2,'','Pausa activa'),(539,'5','2023-08-09 00:00:00',81,2,'','Pausa activa'),(540,'25','2023-07-14 00:00:00',82,1,'','Participación oportuna Capacitación Ahorro y uso eficiente de recursos'),(541,'20','2023-07-14 00:00:00',82,1,'','Participacion Huella hídrica (Capacitación Ahorro y uso eficiente de recursos)'),(542,'20','2023-07-14 00:00:00',82,1,'','Participacion Huella de carbono (Capacitación Ahorro y uso eficiente de recursos)'),(543,'5','2023-07-27 00:00:00',82,2,'','Pausa activa'),(544,'5','2023-07-31 00:00:00',82,2,'','Pausa activa'),(545,'5','2023-08-03 00:00:00',82,2,'','Pausa activa'),(546,'5','2023-07-17 00:00:00',83,2,'','Pausa activa'),(547,'5','2023-07-18 00:00:00',83,2,'','Pausa activa'),(548,'25','2023-07-19 00:00:00',83,1,'','Participación oportuna Capacitación Phishing'),(549,'5','2023-07-31 00:00:00',83,2,'','Pausa activa'),(550,'25','2023-07-14 00:00:00',84,1,'','Participación oportuna Capacitación Ahorro y uso eficiente de recursos'),(551,'5','2023-07-17 00:00:00',84,2,'','Pausa activa'),(552,'5','2023-07-18 00:00:00',84,2,'','Pausa activa'),(553,'5','2023-07-24 00:00:00',84,2,'','Pausa activa'),(554,'5','2023-07-25 00:00:00',84,2,'','Pausa activa'),(555,'5','2023-07-26 00:00:00',84,2,'','Pausa activa'),(556,'20','2023-07-26 00:00:00',84,6,'','Donación Donación tapitas para sanar'),(557,'20','2023-07-26 00:00:00',84,6,'','Donación Donación tapitas para sanar'),(558,'20','2023-07-26 00:00:00',84,6,'','Donación Donación tapitas para sanar'),(559,'20','2023-07-26 00:00:00',84,6,'','Donación Donación tapitas para sanar'),(560,'5','2023-07-27 00:00:00',84,2,'','Pausa activa'),(561,'5','2023-07-31 00:00:00',84,2,'','Pausa activa'),(562,'5','2023-08-03 00:00:00',84,2,'','Pausa activa'),(563,'5','2023-08-09 00:00:00',84,2,'','Pausa activa'),(564,'5','2023-07-05 00:00:00',85,2,'','Pausa activa'),(565,'5','2023-07-21 00:00:00',85,2,'','Pausa activa'),(566,'5','2023-07-28 00:00:00',85,12,'','Participación encuesta Apropiación de SGSI_S1'),(567,'50','2023-07-30 00:00:00',85,8,'','Participación hábitos y estilo de vida saludable'),(568,'25','2023-07-31 00:00:00',85,2,'','Liderar pausa activa presencial'),(569,'5','2023-07-31 00:00:00',85,2,'','Pausa activa'),(570,'2','2023-07-31 00:00:00',85,6,'','Donación Donación tapitas para sanar'),(571,'5','2023-08-04 00:00:00',85,2,'','Pausa activa'),(572,'5','2023-08-09 00:00:00',85,2,'','Pausa activa'),(573,'5','2023-08-09 00:00:00',86,2,'','Pausa activa'),(574,'5','2023-07-04 00:00:00',87,2,'','Pausa activa'),(575,'5','2023-07-06 00:00:00',87,2,'','Pausa activa'),(576,'5','2023-07-11 00:00:00',87,2,'','Pausa activa'),(577,'5','2023-07-13 00:00:00',87,2,'','Pausa activa'),(578,'25','2023-07-14 00:00:00',87,1,'','Participación oportuna Capacitación Ahorro y uso eficiente de recursos'),(579,'20','2023-07-14 00:00:00',87,1,'','Participacion Huella hídrica (Capacitación Ahorro y uso eficiente de recursos)'),(580,'5','2023-07-25 00:00:00',87,2,'','Pausa activa'),(581,'25','2023-07-25 00:00:00',87,1,'','Participación oportuna Capacitación Uso responsable de activos'),(582,'5','2023-07-26 00:00:00',87,2,'','Pausa activa'),(583,'5','2023-07-27 00:00:00',87,2,'','Pausa activa'),(584,'5','2023-07-28 00:00:00',87,2,'','Pausa activa'),(585,'40','2023-07-28 00:00:00',87,2,'','Ganador Pausa activa Virtual '),(586,'5','2023-07-04 00:00:00',88,2,'','Pausa activa'),(587,'5','2023-07-05 00:00:00',88,2,'','Pausa activa'),(588,'5','2023-07-06 00:00:00',88,2,'','Pausa activa'),(589,'5','2023-07-07 00:00:00',88,2,'','Pausa activa'),(590,'25','2023-07-14 00:00:00',88,1,'','Participación oportuna Capacitación Ahorro y uso eficiente de recursos'),(591,'20','2023-07-14 00:00:00',88,1,'','Participacion Huella hídrica (Capacitación Ahorro y uso eficiente de recursos)'),(592,'20','2023-07-14 00:00:00',88,1,'','Participacion Huella de carbono (Capacitación Ahorro y uso eficiente de recursos)'),(593,'5','2023-07-17 00:00:00',88,2,'','Pausa activa'),(594,'25','2023-07-19 00:00:00',88,3,'','Reporte de actos y condiciones inseguras'),(595,'25','2023-07-19 00:00:00',88,1,'','Participación oportuna Capacitación Phishing'),(596,'5','2023-07-21 00:00:00',88,2,'','Pausa activa'),(597,'5','2023-07-24 00:00:00',88,2,'','Pausa activa'),(598,'5','2023-07-25 00:00:00',88,2,'','Pausa activa'),(599,'25','2023-07-25 00:00:00',88,1,'','Participación oportuna Capacitación Uso responsable de activos'),(600,'5','2023-07-27 00:00:00',88,2,'','Pausa activa'),(601,'5','2023-07-28 00:00:00',88,12,'','Participación encuesta Apropiación de SGSI_S1'),(602,'5','2023-07-31 00:00:00',88,2,'','Pausa activa'),(603,'5','2023-08-03 00:00:00',88,2,'','Pausa activa'),(604,'5','2023-08-04 00:00:00',88,2,'','Pausa activa'),(605,'5','2023-07-04 00:00:00',89,2,'','Pausa activa'),(606,'25','2023-07-11 00:00:00',89,1,'','Participación oportuna Capacitación Sentido y propósito de vida, como apalancador de los factores psicosociales protectores en el entorno laboral'),(607,'25','2023-07-12 00:00:00',89,1,'','Capacitación Brigada de emergencia: Prevención y control del fuego'),(608,'25','2023-07-13 00:00:00',89,1,'','Capacitacion Brigada de emergencia modulo no. 5: Inmovilizacion y vendajes'),(609,'5','2023-07-31 00:00:00',89,2,'','Pausa activa'),(610,'5','2023-07-05 00:00:00',90,2,'','Pausa activa'),(611,'5','2023-07-07 00:00:00',90,2,'','Pausa activa'),(612,'5','2023-07-18 00:00:00',90,2,'','Pausa activa'),(613,'5','2023-07-21 00:00:00',90,2,'','Pausa activa'),(614,'5','2023-07-25 00:00:00',90,2,'','Pausa activa'),(615,'5','2023-07-27 00:00:00',90,2,'','Pausa activa'),(616,'5','2023-08-03 00:00:00',90,2,'','Pausa activa'),(617,'5','2023-07-07 00:00:00',91,2,'','Pausa activa'),(618,'25','2023-07-14 00:00:00',91,1,'','Participación oportuna Capacitación Ahorro y uso eficiente de recursos'),(619,'20','2023-07-14 00:00:00',91,1,'','Participacion Huella hídrica (Capacitación Ahorro y uso eficiente de recursos)'),(620,'20','2023-07-14 00:00:00',91,1,'','Participacion Huella de carbono (Capacitación Ahorro y uso eficiente de recursos)'),(621,'5','2023-07-17 00:00:00',91,2,'','Pausa activa'),(622,'25','2023-07-19 00:00:00',91,1,'','Participación oportuna Capacitación Phishing'),(623,'5','2023-07-24 00:00:00',91,2,'','Pausa activa'),(624,'25','2023-07-25 00:00:00',91,1,'','Participación oportuna Capacitación Uso responsable de activos'),(625,'5','2023-07-28 00:00:00',91,12,'','Participación encuesta Apropiación de SGSI_S1'),(626,'5','2023-07-05 00:00:00',92,2,'','Pausa activa'),(627,'25','2023-07-11 00:00:00',92,1,'','Participación oportuna Capacitación Sentido y propósito de vida, como apalancador de los factores psicosociales protectores en el entorno laboral'),(628,'5','2023-07-11 00:00:00',92,2,'','Pausa activa'),(629,'25','2023-07-14 00:00:00',92,1,'','Participación oportuna Capacitación Ahorro y uso eficiente de recursos'),(630,'20','2023-07-14 00:00:00',92,1,'','Participacion Huella hídrica (Capacitación Ahorro y uso eficiente de recursos)'),(631,'20','2023-07-14 00:00:00',92,1,'','Participacion Huella de carbono (Capacitación Ahorro y uso eficiente de recursos)'),(632,'50','2023-07-16 00:00:00',92,8,'','Participación hábitos y estilo de vida saludable'),(633,'30','2023-07-18 00:00:00',92,2,'','Liderar pausa activa presencial Virtual'),(634,'25','2023-07-19 00:00:00',92,1,'','Participación oportuna Capacitación Phishing'),(635,'25','2023-07-24 00:00:00',92,2,'','Pausa activa'),(636,'5','2023-07-26 00:00:00',92,2,'','Pausa activa'),(637,'25','2023-07-27 00:00:00',92,2,'','Liderar pausa activa presencial Virtual'),(638,'5','2023-07-27 00:00:00',92,2,'','Pausa activa'),(639,'5','2023-07-28 00:00:00',92,2,'','Pausa activa'),(640,'5','2023-07-31 00:00:00',92,2,'','Pausa activa'),(641,'5','2023-08-01 00:00:00',92,2,'','Pausa activa'),(642,'50','2023-08-02 00:00:00',92,8,'','Participación hábitos y estilo de vida saludable'),(643,'50','2023-08-03 00:00:00',92,8,'','Participación hábitos y estilo de vida saludable'),(644,'50','2023-08-07 00:00:00',92,7,'','Participación actividades ambientales'),(645,'5','2023-08-09 00:00:00',92,2,'','Pausa activa'),(646,'25','2023-07-19 00:00:00',93,1,'','Participación oportuna Capacitación Phishing'),(647,'5','2023-07-06 00:00:00',95,2,'','Pausa activa'),(648,'5','2023-07-07 00:00:00',95,2,'','Pausa activa'),(649,'5','2023-07-17 00:00:00',95,2,'','Pausa activa'),(650,'25','2023-07-19 00:00:00',95,1,'','Participación oportuna Capacitación Phishing'),(651,'5','2023-08-04 00:00:00',95,2,'','Pausa activa'),(652,'5','2023-07-07 00:00:00',96,2,'','Pausa activa'),(653,'25','2023-07-11 00:00:00',96,3,'','Reporte de actos y condiciones inseguras'),(654,'25','2023-07-12 00:00:00',96,1,'','Capacitación Brigada de emergencia: Prevención y control del fuego'),(655,'25','2023-07-13 00:00:00',96,1,'','Capacitacion Brigada de emergencia modulo no. 5: Inmovilizacion y vendajes'),(656,'5','2023-07-17 00:00:00',96,2,'','Pausa activa'),(657,'40','2023-07-17 00:00:00',96,2,'','Participación activa videos Pausas Activas'),(658,'5','2023-07-18 00:00:00',96,2,'','Pausa activa'),(659,'25','2021-07-19 00:00:00',96,1,'','Capacitación Brigada de emergencia modulo no. 6: Teoria del fuego y manejo de extintores'),(660,'25','2023-07-19 00:00:00',96,3,'','Reporte de actos y condiciones inseguras'),(661,'25','2023-07-19 00:00:00',96,1,'','Participación oportuna Capacitación Phishing'),(662,'5','2023-07-21 00:00:00',96,2,'','Pausa activa'),(663,'5','2023-07-25 00:00:00',96,2,'','Pausa activa'),(664,'25','2023-07-25 00:00:00',96,1,'','Participación oportuna Capacitación Uso responsable de activos'),(665,'5','2023-07-26 00:00:00',96,2,'','Pausa activa'),(666,'5','2023-07-27 00:00:00',96,2,'','Pausa activa'),(667,'5','2023-07-31 00:00:00',96,2,'','Pausa activa'),(668,'5','2023-08-04 00:00:00',96,2,'','Pausa activa'),(669,'5','2023-08-09 00:00:00',96,2,'','Pausa activa'),(670,'5','2023-07-07 00:00:00',97,2,'','Pausa activa'),(671,'25','2023-07-11 00:00:00',97,1,'','Participación oportuna Capacitación Sentido y propósito de vida, como apalancador de los factores psicosociales protectores en el entorno laboral'),(672,'25','2023-07-12 00:00:00',97,1,'','Capacitación Brigada de emergencia: Prevención y control del fuego'),(673,'25','2023-07-14 00:00:00',97,1,'','Participación oportuna Capacitación Ahorro y uso eficiente de recursos'),(674,'20','2023-07-14 00:00:00',97,1,'','Participacion Huella hídrica (Capacitación Ahorro y uso eficiente de recursos)'),(675,'20','2023-07-14 00:00:00',97,1,'','Participacion Huella de carbono (Capacitación Ahorro y uso eficiente de recursos)'),(676,'25','2023-07-25 00:00:00',97,1,'','Participación oportuna Capacitación Uso responsable de activos'),(677,'5','2023-07-26 00:00:00',97,2,'','Pausa activa'),(678,'5','2023-07-28 00:00:00',97,12,'','Participación encuesta Apropiación de SGSI_S1'),(679,'5','2023-08-09 00:00:00',97,2,'','Pausa activa'),(680,'5','2023-07-04 00:00:00',98,2,'','Pausa activa'),(681,'5','2023-07-05 00:00:00',98,2,'','Pausa activa'),(682,'5','2023-07-06 00:00:00',98,2,'','Pausa activa'),(683,'5','2023-07-07 00:00:00',98,2,'','Pausa activa'),(684,'5','2023-07-11 00:00:00',98,2,'','Pausa activa'),(685,'5','2023-07-17 00:00:00',98,2,'','Pausa activa'),(686,'5','2023-07-18 00:00:00',98,2,'','Pausa activa'),(687,'25','2023-07-19 00:00:00',98,1,'','Participación oportuna Capacitación Phishing'),(688,'5','2023-07-21 00:00:00',98,2,'','Pausa activa'),(689,'5','2023-07-25 00:00:00',98,2,'','Pausa activa'),(690,'5','2023-07-27 00:00:00',98,2,'','Pausa activa'),(691,'5','2023-07-31 00:00:00',98,2,'','Pausa activa'),(692,'5','2023-08-03 00:00:00',98,2,'','Pausa activa'),(693,'5','2023-08-04 00:00:00',98,2,'','Pausa activa'),(694,'5','2023-08-09 00:00:00',98,2,'','Pausa activa'),(695,'5','2023-07-05 00:00:00',99,2,'','Pausa activa'),(696,'5','2023-07-06 00:00:00',99,2,'','Pausa activa'),(697,'5','2023-07-07 00:00:00',99,2,'','Pausa activa'),(698,'5','2023-07-18 00:00:00',99,2,'','Pausa activa'),(699,'25','2023-07-19 00:00:00',99,1,'','Participación oportuna Capacitación Phishing'),(700,'5','2023-07-21 00:00:00',99,2,'','Pausa activa'),(701,'5','2023-07-25 00:00:00',99,2,'','Pausa activa'),(702,'5','2023-07-27 00:00:00',99,2,'','Pausa activa'),(703,'5','2023-07-31 00:00:00',99,2,'','Pausa activa'),(704,'5','2023-08-03 00:00:00',99,2,'','Pausa activa'),(705,'5','2023-08-09 00:00:00',99,2,'','Pausa activa'),(706,'5','2023-07-14 00:00:00',101,2,'','Pausa activa'),(707,'25','2023-07-14 00:00:00',101,1,'','Participación oportuna Capacitación Ahorro y uso eficiente de recursos'),(708,'20','2023-07-14 00:00:00',101,1,'','Participacion Huella hídrica (Capacitación Ahorro y uso eficiente de recursos)'),(709,'20','2023-07-14 00:00:00',101,1,'','Participacion Huella de carbono (Capacitación Ahorro y uso eficiente de recursos)'),(710,'25','2023-07-19 00:00:00',101,1,'','Participación oportuna Capacitación Phishing'),(711,'5','2023-07-26 00:00:00',101,2,'','Pausa activa'),(712,'50','2023-08-11 00:00:00',101,8,'','Participación hábitos y estilo de vida saludable'),(713,'5','2023-07-04 00:00:00',103,2,'','Pausa activa'),(714,'5','2023-07-17 00:00:00',103,2,'','Pausa activa'),(715,'30','2023-07-18 00:00:00',103,2,'','Ganador actividad lúdica presencial (El baúl de mi abuela)'),(716,'5','2023-07-18 00:00:00',103,2,'','Pausa activa'),(717,'5','2023-07-21 00:00:00',103,2,'','Pausa activa'),(718,'5','2023-07-26 00:00:00',103,2,'','Pausa activa'),(719,'5','2023-08-03 00:00:00',103,2,'','Pausa activa'),(720,'5','2023-07-04 00:00:00',104,2,'','Pausa activa'),(721,'5','2023-07-06 00:00:00',104,2,'','Pausa activa'),(722,'5','2023-07-11 00:00:00',104,2,'','Pausa activa'),(723,'40','2023-07-14 00:00:00',104,1,'','Participacion capacitación Ahorro de recursos'),(724,'25','2023-07-14 00:00:00',104,1,'','Participación oportuna Capacitación Ahorro y uso eficiente de recursos'),(725,'20','2023-07-14 00:00:00',104,1,'','Participacion Huella hídrica (Capacitación Ahorro y uso eficiente de recursos)'),(726,'20','2023-07-14 00:00:00',104,1,'','Participacion Huella de carbono (Capacitación Ahorro y uso eficiente de recursos)'),(727,'25','2023-07-19 00:00:00',104,1,'','Participación oportuna Capacitación Phishing'),(728,'5','2023-07-21 00:00:00',104,2,'','Pausa activa'),(729,'5','2023-07-24 00:00:00',104,2,'','Pausa activa'),(730,'5','2023-07-25 00:00:00',104,2,'','Pausa activa'),(731,'5','2023-07-05 00:00:00',105,2,'','Pausa activa'),(732,'5','2023-07-06 00:00:00',105,2,'','Pausa activa'),(733,'5','2023-07-17 00:00:00',105,2,'','Pausa activa'),(734,'25','2023-07-19 00:00:00',105,1,'','Participación oportuna Capacitación Phishing'),(735,'5','2023-07-21 00:00:00',105,2,'','Pausa activa'),(736,'5','2023-07-25 00:00:00',105,2,'','Pausa activa'),(737,'5','2023-07-27 00:00:00',105,2,'','Pausa activa'),(738,'5','2023-07-31 00:00:00',105,2,'','Pausa activa'),(739,'5','2023-08-03 00:00:00',105,2,'','Pausa activa'),(740,'5','2023-08-04 00:00:00',105,2,'','Pausa activa'),(741,'5','2023-08-09 00:00:00',105,2,'','Pausa activa'),(742,'5','2023-07-04 00:00:00',107,2,'','Pausa activa'),(743,'5','2023-07-06 00:00:00',107,2,'','Pausa activa'),(744,'25','2023-07-12 00:00:00',107,1,'','Capacitación Brigada de emergencia: Prevención y control del fuego'),(745,'25','2023-07-14 00:00:00',107,1,'','Participación oportuna Capacitación Ahorro y uso eficiente de recursos'),(746,'20','2023-07-14 00:00:00',107,1,'','Participacion Huella hídrica (Capacitación Ahorro y uso eficiente de recursos)'),(747,'20','2023-07-14 00:00:00',107,1,'','Participacion Huella de carbono (Capacitación Ahorro y uso eficiente de recursos)'),(748,'5','2023-07-17 00:00:00',107,2,'','Pausa activa'),(749,'5','2023-07-18 00:00:00',107,2,'','Pausa activa'),(750,'25','2023-07-19 00:00:00',107,1,'','Participación oportuna Capacitación Phishing'),(751,'5','2023-07-21 00:00:00',107,2,'','Pausa activa'),(752,'5','2023-07-25 00:00:00',107,2,'','Pausa activa'),(753,'25','2023-07-25 00:00:00',107,1,'','Participación oportuna Capacitación Uso responsable de activos'),(754,'5','2023-07-26 00:00:00',107,2,'','Pausa activa'),(755,'5','2023-07-31 00:00:00',107,2,'','Pausa activa'),(756,'25','2023-07-19 00:00:00',108,1,'','Participación oportuna Capacitación Phishing'),(757,'5','2023-07-27 00:00:00',108,2,'','Pausa activa'),(758,'5','2023-07-04 00:00:00',110,2,'','Pausa activa'),(759,'5','2023-07-27 00:00:00',110,2,'','Pausa activa'),(760,'5','2023-07-04 00:00:00',113,2,'','Pausa activa'),(761,'5','2023-07-05 00:00:00',113,2,'','Pausa activa'),(762,'25','2023-07-11 00:00:00',113,1,'','Participación oportuna Capacitación Sentido y propósito de vida, como apalancador de los factores psicosociales protectores en el entorno laboral'),(763,'25','2023-07-14 00:00:00',113,1,'','Participación oportuna Capacitación Ahorro y uso eficiente de recursos'),(764,'20','2023-07-14 00:00:00',113,1,'','Participacion Huella hídrica (Capacitación Ahorro y uso eficiente de recursos)'),(765,'20','2023-07-14 00:00:00',113,1,'','Participacion Huella de carbono (Capacitación Ahorro y uso eficiente de recursos)'),(766,'5','2023-07-17 00:00:00',113,2,'','Pausa activa'),(767,'5','2023-07-26 00:00:00',113,2,'','Pausa activa'),(768,'20','2023-07-26 00:00:00',113,6,'','Donación Donación tapitas para sanar'),(769,'5','2023-07-27 00:00:00',113,2,'','Pausa activa'),(770,'5','2023-07-28 00:00:00',113,12,'','Participación encuesta Apropiación de SGSI_S1'),(771,'5','2023-07-31 00:00:00',113,2,'','Pausa activa'),(772,'5','2023-08-09 00:00:00',113,2,'','Pausa activa'),(773,'25','2023-07-03 00:00:00',114,2,'','Liderar pausa activa presencial'),(774,'25','2023-07-04 00:00:00',114,3,'','Reporte de actos y condiciones inseguras'),(775,'5','2023-07-04 00:00:00',114,2,'','Pausa activa'),(776,'25','2023-07-05 00:00:00',114,3,'','Reporte de actos y condiciones inseguras'),(777,'5','2023-07-05 00:00:00',114,2,'','Pausa activa'),(778,'5','2023-07-06 00:00:00',114,2,'','Pausa activa'),(779,'25','2023-07-11 00:00:00',114,1,'','Participación oportuna Capacitación Sentido y propósito de vida, como apalancador de los factores psicosociales protectores en el entorno laboral'),(780,'5','2023-07-11 00:00:00',114,2,'','Pausa activa'),(781,'5','2023-07-17 00:00:00',114,2,'','Pausa activa'),(782,'5','2023-07-18 00:00:00',114,2,'','Pausa activa'),(783,'5','2023-07-21 00:00:00',114,2,'','Pausa activa'),(784,'5','2023-07-24 00:00:00',114,2,'','Pausa activa'),(785,'5','2023-07-25 00:00:00',114,2,'','Pausa activa'),(786,'5','2023-07-26 00:00:00',114,2,'','Pausa activa'),(787,'5','2023-07-27 00:00:00',114,2,'','Pausa activa'),(788,'5','2023-07-31 00:00:00',114,2,'','Pausa activa'),(789,'5','2023-08-03 00:00:00',114,2,'','Pausa activa'),(790,'5','2023-08-09 00:00:00',114,2,'','Pausa activa'),(791,'5','2023-07-04 00:00:00',115,2,'','Pausa activa'),(792,'5','2023-07-05 00:00:00',115,2,'','Pausa activa'),(793,'5','2023-07-06 00:00:00',115,2,'','Pausa activa'),(794,'25','2023-07-07 00:00:00',115,1,'','Participación oportuna Capacitación Uso, reposicion y disposicion de EPP'),(795,'1','2023-07-14 00:00:00',115,9,'','Uso de medios de transporte ambientalmente sostenible'),(796,'1','2023-07-14 00:00:00',115,9,'','Uso de medios de transporte ambientalmente sostenible'),(797,'25','2023-07-14 00:00:00',115,3,'','Reporte de actos y condiciones inseguras'),(798,'25','2023-07-14 00:00:00',115,1,'','Participación oportuna Capacitación Ahorro y uso eficiente de recursos'),(799,'5','2023-07-17 00:00:00',115,2,'','Pausa activa'),(800,'5','2023-07-17 00:00:00',115,6,'','Donación Donación tapitas para sanar'),(801,'1','2023-07-17 00:00:00',115,9,'','Uso de medios de transporte ambientalmente sostenible'),(802,'5','2023-07-18 00:00:00',115,2,'','Pausa activa'),(803,'1','2023-07-18 00:00:00',115,9,'','Uso de medios de transporte ambientalmente sostenible'),(804,'4','2023-07-19 00:00:00',115,6,'','Donación Donación tapitas para sanar'),(805,'7','2023-07-19 00:00:00',115,6,'','Donación Donación tapitas para sanar'),(806,'1','2023-07-19 00:00:00',115,9,'','Uso de medios de transporte ambientalmente sostenible'),(807,'5','2023-07-21 00:00:00',115,2,'','Pausa activa'),(808,'10','2023-07-21 00:00:00',115,6,'','Donación Donación tapitas para sanar'),(809,'5','2023-07-24 00:00:00',115,2,'','Pausa activa'),(810,'5','2023-07-25 00:00:00',115,2,'','Pausa activa'),(811,'1','2023-07-25 00:00:00',115,9,'','Uso de medios de transporte ambientalmente sostenible'),(812,'5','2023-07-26 00:00:00',115,2,'','Pausa activa'),(813,'1','2023-07-28 00:00:00',115,9,'','Uso de medios de transporte ambientalmente sostenible'),(814,'5','2023-07-31 00:00:00',115,2,'','Pausa activa'),(815,'20','2023-07-31 00:00:00',115,6,'','Donación Donación tapitas para sanar'),(816,'20','2023-08-02 00:00:00',115,6,'','Donación Donación tapitas para sanar'),(817,'1','2023-08-03 00:00:00',115,9,'','Uso de medios de transporte ambientalmente sostenible'),(818,'5','2023-08-03 00:00:00',115,2,'','Pausa activa'),(819,'1','2023-08-04 00:00:00',115,9,'','Uso de medios de transporte ambientalmente sostenible'),(820,'25','2023-08-04 00:00:00',115,2,'','Liderar pausa activa presencial'),(821,'5','2023-08-04 00:00:00',115,2,'','Pausa activa'),(822,'1','2023-08-08 00:00:00',115,9,'','Uso de medios de transporte ambientalmente sostenible'),(823,'20','2023-08-08 00:00:00',115,6,'','Donación Donación tapitas para sanar'),(824,'5','2023-07-04 00:00:00',116,2,'','Pausa activa'),(825,'5','2023-07-05 00:00:00',116,2,'','Pausa activa'),(826,'5','2023-07-06 00:00:00',116,2,'','Pausa activa'),(827,'25','2023-07-07 00:00:00',116,1,'','Participación oportuna Capacitación Uso, reposicion y disposicion de EPP'),(828,'5','2023-07-11 00:00:00',116,2,'','Pausa activa'),(829,'25','2023-07-13 00:00:00',116,3,'','Reporte de actos y condiciones inseguras'),(830,'25','2023-07-13 00:00:00',116,3,'','Reporte de actos y condiciones inseguras'),(831,'1','2023-07-14 00:00:00',116,9,'','Uso de medios de transporte ambientalmente sostenible'),(832,'1','2023-07-14 00:00:00',116,9,'','Uso de medios de transporte ambientalmente sostenible'),(833,'25','2023-07-14 00:00:00',116,1,'','Participación oportuna Capacitación Ahorro y uso eficiente de recursos'),(834,'4','2023-07-14 00:00:00',116,6,'','Donación Donación tapitas para sanar'),(835,'5','2023-07-17 00:00:00',116,2,'','Pausa activa'),(836,'5','2023-07-17 00:00:00',116,6,'','Donación Donación tapitas para sanar'),(837,'5','2023-07-17 00:00:00',116,6,'','Donación Donación tapitas para sanar'),(838,'1','2023-07-17 00:00:00',116,9,'','Uso de medios de transporte ambientalmente sostenible'),(839,'5','2023-07-18 00:00:00',116,2,'','Pausa activa'),(840,'5','2023-07-18 00:00:00',116,6,'','Donación Donación tapitas para sanar'),(841,'5','2023-07-18 00:00:00',116,6,'','Donación Donación tapitas para sanar'),(842,'1','2023-07-18 00:00:00',116,9,'','Uso de medios de transporte ambientalmente sostenible'),(843,'5','2023-07-19 00:00:00',116,6,'','Donación Donación tapitas para sanar'),(844,'11','2023-07-19 00:00:00',116,6,'','Donación Donación tapitas para sanar'),(845,'25','2023-07-19 00:00:00',116,3,'','Reporte de actos y condiciones inseguras'),(846,'1','2023-07-19 00:00:00',116,9,'','Uso de medios de transporte ambientalmente sostenible'),(847,'25','2023-07-21 00:00:00',116,3,'','Reporte de actos y condiciones inseguras'),(848,'25','2023-07-21 00:00:00',116,3,'','Reporte de actos y condiciones inseguras'),(849,'5','2023-07-21 00:00:00',116,2,'','Pausa activa'),(850,'18','2023-07-21 00:00:00',116,6,'','Donación Donación tapitas para sanar'),(851,'5','2023-07-24 00:00:00',116,2,'','Pausa activa'),(852,'1','2023-07-25 00:00:00',116,9,'','Uso de medios de transporte ambientalmente sostenible'),(853,'5','2023-07-25 00:00:00',116,2,'','Pausa activa'),(854,'8','2023-07-25 00:00:00',116,6,'','Donación Donación tapitas para sanar'),(855,'5','2023-07-26 00:00:00',116,2,'','Pausa activa'),(856,'13','2023-07-26 00:00:00',116,6,'','Donación Donación tapitas para sanar'),(857,'25','2023-07-27 00:00:00',116,2,'','Liderar pausa activa presencial'),(858,'5','2023-07-27 00:00:00',116,2,'','Pausa activa'),(859,'1','2023-07-28 00:00:00',116,9,'','Uso de medios de transporte ambientalmente sostenible'),(860,'17','2023-07-28 00:00:00',116,6,'','Donación Donación tapitas para sanar'),(861,'8','2023-07-28 00:00:00',116,6,'','Donación Donación tapitas para sanar'),(862,'50','2023-07-30 00:00:00',116,8,'','Participación hábitos y estilo de vida saludable'),(863,'5','2023-07-31 00:00:00',116,2,'','Pausa activa'),(864,'20','2023-07-31 00:00:00',116,6,'','Donación Donación tapitas para sanar'),(865,'1','2023-08-03 00:00:00',116,9,'','Uso de medios de transporte ambientalmente sostenible'),(866,'25','2023-08-03 00:00:00',116,2,'','Liderar pausa activa presencial'),(867,'5','2023-08-03 00:00:00',116,2,'','Pausa activa'),(868,'20','2023-08-03 00:00:00',116,6,'','Donación Donación tapitas para sanar'),(869,'20','2023-08-03 00:00:00',116,6,'','Donación Donación tapitas para sanar'),(870,'20','2023-08-03 00:00:00',116,6,'','Donación Donación tapitas para sanar'),(871,'1','2023-08-08 00:00:00',116,9,'','Uso de medios de transporte ambientalmente sostenible'),(872,'20','2023-08-08 00:00:00',116,6,'','Donación Donación tapitas para sanar'),(873,'1','2023-08-04 00:00:00',116,9,'','Uso de medios de transporte ambientalmente sostenible'),(874,'5','2023-08-04 00:00:00',116,2,'','Pausa activa'),(875,'50','2023-08-13 00:00:00',116,8,'','Participación hábitos y estilo de vida saludable'),(876,'50','2023-08-27 00:00:00',116,8,'','Participación hábitos y estilo de vida saludable'),(877,'25','2023-07-14 00:00:00',117,1,'','Participación oportuna Capacitación Ahorro y uso eficiente de recursos'),(878,'20','2023-07-14 00:00:00',117,1,'','Participacion Huella hídrica (Capacitación Ahorro y uso eficiente de recursos)'),(879,'20','2023-07-14 00:00:00',117,1,'','Participacion Huella de carbono (Capacitación Ahorro y uso eficiente de recursos)'),(880,'25','2023-07-25 00:00:00',117,1,'','Participación oportuna Capacitación Uso responsable de activos'),(881,'5','2023-07-28 00:00:00',117,12,'','Participación encuesta Apropiación de SGSI_S1'),(882,'20','2023-08-04 00:00:00',117,6,'','Donación Donación tapitas para sanar'),(883,'5','2023-07-04 00:00:00',118,2,'','Pausa activa'),(884,'5','2023-07-05 00:00:00',118,2,'','Pausa activa'),(885,'5','2023-07-06 00:00:00',118,2,'','Pausa activa'),(886,'5','2023-07-07 00:00:00',118,2,'','Pausa activa'),(887,'25','2023-07-11 00:00:00',118,1,'','Participación oportuna Capacitación Sentido y propósito de vida, como apalancador de los factores psicosociales protectores en el entorno laboral'),(888,'5','2023-07-11 00:00:00',118,2,'','Pausa activa'),(889,'25','2023-07-14 00:00:00',118,1,'','Participación oportuna Capacitación Ahorro y uso eficiente de recursos'),(890,'20','2023-07-14 00:00:00',118,1,'','Participacion Huella hídrica (Capacitación Ahorro y uso eficiente de recursos)'),(891,'20','2023-07-14 00:00:00',118,1,'','Participacion Huella de carbono (Capacitación Ahorro y uso eficiente de recursos)'),(892,'5','2023-07-17 00:00:00',118,2,'','Pausa activa'),(893,'5','2023-07-18 00:00:00',118,2,'','Pausa activa'),(894,'25','2023-07-19 00:00:00',118,1,'','Participación oportuna Capacitación Phishing'),(895,'5','2023-07-21 00:00:00',118,2,'','Pausa activa'),(896,'5','2023-07-24 00:00:00',118,2,'','Pausa activa'),(897,'5','2023-07-25 00:00:00',118,2,'','Pausa activa'),(898,'25','2023-07-25 00:00:00',118,1,'','Participación oportuna Capacitación Uso responsable de activos'),(899,'5','2023-07-27 00:00:00',118,2,'','Pausa activa'),(900,'5','2023-07-31 00:00:00',118,2,'','Pausa activa'),(901,'5','2023-08-03 00:00:00',118,2,'','Pausa activa'),(902,'5','2023-08-04 00:00:00',118,2,'','Pausa activa'),(903,'5','2023-07-06 00:00:00',120,2,'','Pausa activa '),(904,'5','2023-07-04 00:00:00',121,2,'','Pausa activa'),(905,'25','2023-07-19 00:00:00',121,1,'','Participación oportuna Capacitación Phishing'),(906,'5','2023-08-09 00:00:00',121,2,'','Pausa activa');
/*!40000 ALTER TABLE `puntuacion` ENABLE KEYS */;
UNLOCK TABLES;
/*!40103 SET TIME_ZONE=@OLD_TIME_ZONE */;

/*!40101 SET SQL_MODE=@OLD_SQL_MODE */;
/*!40014 SET FOREIGN_KEY_CHECKS=@OLD_FOREIGN_KEY_CHECKS */;
/*!40014 SET UNIQUE_CHECKS=@OLD_UNIQUE_CHECKS */;
/*!40101 SET CHARACTER_SET_CLIENT=@OLD_CHARACTER_SET_CLIENT */;
/*!40101 SET CHARACTER_SET_RESULTS=@OLD_CHARACTER_SET_RESULTS */;
/*!40101 SET COLLATION_CONNECTION=@OLD_COLLATION_CONNECTION */;
/*!40111 SET SQL_NOTES=@OLD_SQL_NOTES */;

-- Dump completed on 2023-09-04 17:49:35
